INSERT INTO TT_ATTRIBUTES(ATTR_ID,NAME,ATTR_ACCESS_TYPE,DESCRIPTION) VALUES(1,'user_id',1,'User id');
INSERT INTO TT_ATTRIBUTES(ATTR_ID,NAME,ATTR_ACCESS_TYPE,DESCRIPTION) VALUES(2,'name',0,'User name');
INSERT INTO TT_ATTRIBUTES(ATTR_ID,NAME,ATTR_ACCESS_TYPE,DESCRIPTION) VALUES(3,'pass',0,'User password');
INSERT INTO TT_ATTRIBUTES(ATTR_ID,NAME,ATTR_ACCESS_TYPE,DESCRIPTION) VALUES(4,'first_name',0,'Frirst name');
INSERT INTO TT_ATTRIBUTES(ATTR_ID,NAME,ATTR_ACCESS_TYPE,DESCRIPTION) VALUES(5,'second_name',0,'Second name');
INSERT INTO TT_ATTRIBUTES(ATTR_ID,NAME,ATTR_ACCESS_TYPE,DESCRIPTION) VALUES(6,'email',0,'Email');
INSERT INTO TT_ATTRIBUTES(ATTR_ID,NAME,ATTR_ACCESS_TYPE,DESCRIPTION) VALUES(7,'client_id',1,'Client id');
INSERT INTO TT_ATTRIBUTES(ATTR_ID,NAME,ATTR_ACCESS_TYPE,DESCRIPTION) VALUES(8,'phone_number',0,'Phone number');
INSERT INTO TT_ATTRIBUTES(ATTR_ID,NAME,ATTR_ACCESS_TYPE,DESCRIPTION) VALUES(9,'phone_id',1,'Phone id');
INSERT INTO TT_ATTRIBUTES(ATTR_ID,NAME,ATTR_ACCESS_TYPE,DESCRIPTION) VALUES(10,'os',0,'Phone OS');
INSERT INTO TT_ATTRIBUTES(ATTR_ID,NAME,ATTR_ACCESS_TYPE,DESCRIPTION) VALUES(11,'rom',1,'Amount of the phone ROM');
INSERT INTO TT_ATTRIBUTES(ATTR_ID,NAME,ATTR_ACCESS_TYPE,DESCRIPTION) VALUES(12,'ram',1,'Amount of the phone RAM');
INSERT INTO TT_ATTRIBUTES(ATTR_ID,NAME,ATTR_ACCESS_TYPE,DESCRIPTION) VALUES(13,'cpu',0,'Phone CPU');
INSERT INTO TT_ATTRIBUTES(ATTR_ID,NAME,ATTR_ACCESS_TYPE,DESCRIPTION) VALUES(14,'weight',1,'Phone weight');
INSERT INTO TT_ATTRIBUTES(ATTR_ID,NAME,ATTR_ACCESS_TYPE,DESCRIPTION) VALUES(15,'length',1,'Phone length');
INSERT INTO TT_ATTRIBUTES(ATTR_ID,NAME,ATTR_ACCESS_TYPE,DESCRIPTION) VALUES(16,'width',1,'Phone width');
INSERT INTO TT_ATTRIBUTES(ATTR_ID,NAME,ATTR_ACCESS_TYPE,DESCRIPTION) VALUES(17,'thickness',1,'Phone thickness');
INSERT INTO TT_ATTRIBUTES(ATTR_ID,NAME,ATTR_ACCESS_TYPE,DESCRIPTION) VALUES(18,'accsesories_id',1,'Accsesories id');
INSERT INTO TT_ATTRIBUTES(ATTR_ID,NAME,ATTR_ACCESS_TYPE,DESCRIPTION) VALUES(19,'connection_type',0,'Accsesories connection type');
INSERT INTO TT_ATTRIBUTES(ATTR_ID,NAME,ATTR_ACCESS_TYPE,DESCRIPTION) VALUES(20,'construction_type',0,'Accsesories construction type');
INSERT INTO TT_ATTRIBUTES(ATTR_ID,NAME,ATTR_ACCESS_TYPE,DESCRIPTION) VALUES(21,'mounting_type',0,'Accsesories mounting type');
INSERT INTO TT_ATTRIBUTES(ATTR_ID,NAME,ATTR_ACCESS_TYPE,DESCRIPTION) VALUES(22,'cord_length',1,'Accsesories cord length');
INSERT INTO TT_ATTRIBUTES(ATTR_ID,NAME,ATTR_ACCESS_TYPE,DESCRIPTION) VALUES(23,'color',0,'Color');
INSERT INTO TT_ATTRIBUTES(ATTR_ID,NAME,ATTR_ACCESS_TYPE,DESCRIPTION) VALUES(24,'current_output',0,'Accsesories current output');
INSERT INTO TT_ATTRIBUTES(ATTR_ID,NAME,ATTR_ACCESS_TYPE,DESCRIPTION) VALUES(25,'voltage_output',0,'Accsesories voltage output');
INSERT INTO TT_ATTRIBUTES(ATTR_ID,NAME,ATTR_ACCESS_TYPE,DESCRIPTION) VALUES(26,'component_id',1,'Component id');
INSERT INTO TT_ATTRIBUTES(ATTR_ID,NAME,ATTR_ACCESS_TYPE,DESCRIPTION) VALUES(27,'technology',0,'Component technology');
INSERT INTO TT_ATTRIBUTES(ATTR_ID,NAME,ATTR_ACCESS_TYPE,DESCRIPTION) VALUES(28,'compability',0,'Сompability');
INSERT INTO TT_ATTRIBUTES(ATTR_ID,NAME,ATTR_ACCESS_TYPE,DESCRIPTION) VALUES(29,'capacity',0,'Component capacity');
INSERT INTO TT_ATTRIBUTES(ATTR_ID,NAME,ATTR_ACCESS_TYPE,DESCRIPTION) VALUES(30,'type',0,'Component type');
INSERT INTO TT_ATTRIBUTES(ATTR_ID,NAME,ATTR_ACCESS_TYPE,DESCRIPTION) VALUES(31,'price',1,'Item price');
INSERT INTO TT_ATTRIBUTES(ATTR_ID,NAME,ATTR_ACCESS_TYPE,DESCRIPTION) VALUES(32,'order_id',1,'Order id');
INSERT INTO TT_ATTRIBUTES(ATTR_ID,NAME,ATTR_ACCESS_TYPE,DESCRIPTION) VALUES(33,'address',0,'Delivery address');
INSERT INTO TT_ATTRIBUTES(ATTR_ID,NAME,ATTR_ACCESS_TYPE,DESCRIPTION) VALUES(34,'comments',0,'Order comments');
INSERT INTO TT_ATTRIBUTES(ATTR_ID,NAME,ATTR_ACCESS_TYPE,DESCRIPTION) VALUES(35,'guarantee',0,'Item guarantee');
INSERT INTO TT_ATTRIBUTES(ATTR_ID,NAME,ATTR_ACCESS_TYPE,DESCRIPTION) VALUES(36,'create_date',2,'Object create date');
INSERT INTO TT_ATTRIBUTES(ATTR_ID,NAME,ATTR_ACCESS_TYPE,DESCRIPTION) VALUES(37,'change_date',2,'Object change date');
INSERT INTO TT_ATTRIBUTES(ATTR_ID,NAME,ATTR_ACCESS_TYPE,DESCRIPTION) VALUES(38,'create_by',1,'Object create by');
INSERT INTO TT_ATTRIBUTES(ATTR_ID,NAME,ATTR_ACCESS_TYPE,DESCRIPTION) VALUES(39,'change_by',1,'Object change by');
INSERT INTO TT_ATTRIBUTES(ATTR_ID,NAME,ATTR_ACCESS_TYPE,DESCRIPTION) VALUES(40,'img_url',1,'Item image url');
INSERT INTO TT_ATTRIBUTES(ATTR_ID,NAME,ATTR_ACCESS_TYPE,DESCRIPTION) VALUES(41,'amount',1,'Order amount');

INSERT INTO TT_OBJECT_TYPES(OBJECT_TYPE_ID,NAME,DESCRIPTION) VALUES(1,'user','User object');
INSERT INTO TT_OBJECT_TYPES(OBJECT_TYPE_ID,NAME,DESCRIPTION) VALUES(2,'client','Client object');
INSERT INTO TT_OBJECT_TYPES(OBJECT_TYPE_ID,NAME,DESCRIPTION) VALUES(3,'phone','Phone object');
INSERT INTO TT_OBJECT_TYPES(OBJECT_TYPE_ID,NAME,DESCRIPTION) VALUES(4,'headphones','Accsesories headphones object');
INSERT INTO TT_OBJECT_TYPES(OBJECT_TYPE_ID,NAME,DESCRIPTION) VALUES(5,'usb_cabel','Accsesories usb_cable object');
INSERT INTO TT_OBJECT_TYPES(OBJECT_TYPE_ID,NAME,DESCRIPTION) VALUES(6,'charger','Accsesories charger object');
INSERT INTO TT_OBJECT_TYPES(OBJECT_TYPE_ID,NAME,DESCRIPTION) VALUES(7,'battery','Component battery object');
INSERT INTO TT_OBJECT_TYPES(OBJECT_TYPE_ID,NAME,DESCRIPTION) VALUES(8,'screen_sensor','Component screen sensor object');
INSERT INTO TT_OBJECT_TYPES(OBJECT_TYPE_ID,NAME,DESCRIPTION) VALUES(9,'order','Order object');

INSERT INTO TT_ATTR_OBJECT_TYPES(ATTR_ID,OBJECT_TYPE_ID) VALUES(1,1);
INSERT INTO TT_ATTR_OBJECT_TYPES(ATTR_ID,OBJECT_TYPE_ID) VALUES(2,1);
INSERT INTO TT_ATTR_OBJECT_TYPES(ATTR_ID,OBJECT_TYPE_ID) VALUES(2,2);
INSERT INTO TT_ATTR_OBJECT_TYPES(ATTR_ID,OBJECT_TYPE_ID) VALUES(3,1);
INSERT INTO TT_ATTR_OBJECT_TYPES(ATTR_ID,OBJECT_TYPE_ID) VALUES(3,2);
INSERT INTO TT_ATTR_OBJECT_TYPES(ATTR_ID,OBJECT_TYPE_ID) VALUES(4,1);
INSERT INTO TT_ATTR_OBJECT_TYPES(ATTR_ID,OBJECT_TYPE_ID) VALUES(4,2);
INSERT INTO TT_ATTR_OBJECT_TYPES(ATTR_ID,OBJECT_TYPE_ID) VALUES(5,1);
INSERT INTO TT_ATTR_OBJECT_TYPES(ATTR_ID,OBJECT_TYPE_ID) VALUES(5,2);
INSERT INTO TT_ATTR_OBJECT_TYPES(ATTR_ID,OBJECT_TYPE_ID) VALUES(6,1);
INSERT INTO TT_ATTR_OBJECT_TYPES(ATTR_ID,OBJECT_TYPE_ID) VALUES(6,2);
INSERT INTO TT_ATTR_OBJECT_TYPES(ATTR_ID,OBJECT_TYPE_ID) VALUES(7,2);
INSERT INTO TT_ATTR_OBJECT_TYPES(ATTR_ID,OBJECT_TYPE_ID) VALUES(8,2);
INSERT INTO TT_ATTR_OBJECT_TYPES(ATTR_ID,OBJECT_TYPE_ID) VALUES(9,3);
INSERT INTO TT_ATTR_OBJECT_TYPES(ATTR_ID,OBJECT_TYPE_ID) VALUES(10,3);
INSERT INTO TT_ATTR_OBJECT_TYPES(ATTR_ID,OBJECT_TYPE_ID) VALUES(11,3);
INSERT INTO TT_ATTR_OBJECT_TYPES(ATTR_ID,OBJECT_TYPE_ID) VALUES(12,3);
INSERT INTO TT_ATTR_OBJECT_TYPES(ATTR_ID,OBJECT_TYPE_ID) VALUES(13,3);
INSERT INTO TT_ATTR_OBJECT_TYPES(ATTR_ID,OBJECT_TYPE_ID) VALUES(14,3);
INSERT INTO TT_ATTR_OBJECT_TYPES(ATTR_ID,OBJECT_TYPE_ID) VALUES(15,3);
INSERT INTO TT_ATTR_OBJECT_TYPES(ATTR_ID,OBJECT_TYPE_ID) VALUES(16,3);
INSERT INTO TT_ATTR_OBJECT_TYPES(ATTR_ID,OBJECT_TYPE_ID) VALUES(17,3);
INSERT INTO TT_ATTR_OBJECT_TYPES(ATTR_ID,OBJECT_TYPE_ID) VALUES(18,4);
INSERT INTO TT_ATTR_OBJECT_TYPES(ATTR_ID,OBJECT_TYPE_ID) VALUES(18,5);
INSERT INTO TT_ATTR_OBJECT_TYPES(ATTR_ID,OBJECT_TYPE_ID) VALUES(18,6);
INSERT INTO TT_ATTR_OBJECT_TYPES(ATTR_ID,OBJECT_TYPE_ID) VALUES(19,4);
INSERT INTO TT_ATTR_OBJECT_TYPES(ATTR_ID,OBJECT_TYPE_ID) VALUES(20,4);
INSERT INTO TT_ATTR_OBJECT_TYPES(ATTR_ID,OBJECT_TYPE_ID) VALUES(22,4);
INSERT INTO TT_ATTR_OBJECT_TYPES(ATTR_ID,OBJECT_TYPE_ID) VALUES(23,4);
INSERT INTO TT_ATTR_OBJECT_TYPES(ATTR_ID,OBJECT_TYPE_ID) VALUES(24,6);
INSERT INTO TT_ATTR_OBJECT_TYPES(ATTR_ID,OBJECT_TYPE_ID) VALUES(25,6);
INSERT INTO TT_ATTR_OBJECT_TYPES(ATTR_ID,OBJECT_TYPE_ID) VALUES(26,7);
INSERT INTO TT_ATTR_OBJECT_TYPES(ATTR_ID,OBJECT_TYPE_ID) VALUES(27,7);
INSERT INTO TT_ATTR_OBJECT_TYPES(ATTR_ID,OBJECT_TYPE_ID) VALUES(28,7);
INSERT INTO TT_ATTR_OBJECT_TYPES(ATTR_ID,OBJECT_TYPE_ID) VALUES(29,7);
INSERT INTO TT_ATTR_OBJECT_TYPES(ATTR_ID,OBJECT_TYPE_ID) VALUES(26,8);
INSERT INTO TT_ATTR_OBJECT_TYPES(ATTR_ID,OBJECT_TYPE_ID) VALUES(30,8);
INSERT INTO TT_ATTR_OBJECT_TYPES(ATTR_ID,OBJECT_TYPE_ID) VALUES(32,9);
INSERT INTO TT_ATTR_OBJECT_TYPES(ATTR_ID,OBJECT_TYPE_ID) VALUES(33,9);
INSERT INTO TT_ATTR_OBJECT_TYPES(ATTR_ID,OBJECT_TYPE_ID) VALUES(34,9);
INSERT INTO TT_ATTR_OBJECT_TYPES(ATTR_ID,OBJECT_TYPE_ID) VALUES(35,9);
INSERT INTO TT_ATTR_OBJECT_TYPES(ATTR_ID,OBJECT_TYPE_ID) VALUES(36,1);
INSERT INTO TT_ATTR_OBJECT_TYPES(ATTR_ID,OBJECT_TYPE_ID) VALUES(37,1);
INSERT INTO TT_ATTR_OBJECT_TYPES(ATTR_ID,OBJECT_TYPE_ID) VALUES(38,1);
INSERT INTO TT_ATTR_OBJECT_TYPES(ATTR_ID,OBJECT_TYPE_ID) VALUES(39,1);
INSERT INTO TT_ATTR_OBJECT_TYPES(ATTR_ID,OBJECT_TYPE_ID) VALUES(36,2);
INSERT INTO TT_ATTR_OBJECT_TYPES(ATTR_ID,OBJECT_TYPE_ID) VALUES(37,2);
INSERT INTO TT_ATTR_OBJECT_TYPES(ATTR_ID,OBJECT_TYPE_ID) VALUES(38,2);
INSERT INTO TT_ATTR_OBJECT_TYPES(ATTR_ID,OBJECT_TYPE_ID) VALUES(39,2);
INSERT INTO TT_ATTR_OBJECT_TYPES(ATTR_ID,OBJECT_TYPE_ID) VALUES(36,3);
INSERT INTO TT_ATTR_OBJECT_TYPES(ATTR_ID,OBJECT_TYPE_ID) VALUES(31,3);
INSERT INTO TT_ATTR_OBJECT_TYPES(ATTR_ID,OBJECT_TYPE_ID) VALUES(37,3);
INSERT INTO TT_ATTR_OBJECT_TYPES(ATTR_ID,OBJECT_TYPE_ID) VALUES(38,3);
INSERT INTO TT_ATTR_OBJECT_TYPES(ATTR_ID,OBJECT_TYPE_ID) VALUES(39,3);
INSERT INTO TT_ATTR_OBJECT_TYPES(ATTR_ID,OBJECT_TYPE_ID) VALUES(40,3);
INSERT INTO TT_ATTR_OBJECT_TYPES(ATTR_ID,OBJECT_TYPE_ID) VALUES(31,4);
INSERT INTO TT_ATTR_OBJECT_TYPES(ATTR_ID,OBJECT_TYPE_ID) VALUES(36,4);
INSERT INTO TT_ATTR_OBJECT_TYPES(ATTR_ID,OBJECT_TYPE_ID) VALUES(37,4);
INSERT INTO TT_ATTR_OBJECT_TYPES(ATTR_ID,OBJECT_TYPE_ID) VALUES(38,4);
INSERT INTO TT_ATTR_OBJECT_TYPES(ATTR_ID,OBJECT_TYPE_ID) VALUES(39,4);
INSERT INTO TT_ATTR_OBJECT_TYPES(ATTR_ID,OBJECT_TYPE_ID) VALUES(40,4);
INSERT INTO TT_ATTR_OBJECT_TYPES(ATTR_ID,OBJECT_TYPE_ID) VALUES(31,5);
INSERT INTO TT_ATTR_OBJECT_TYPES(ATTR_ID,OBJECT_TYPE_ID) VALUES(36,5);
INSERT INTO TT_ATTR_OBJECT_TYPES(ATTR_ID,OBJECT_TYPE_ID) VALUES(37,5);
INSERT INTO TT_ATTR_OBJECT_TYPES(ATTR_ID,OBJECT_TYPE_ID) VALUES(38,5);
INSERT INTO TT_ATTR_OBJECT_TYPES(ATTR_ID,OBJECT_TYPE_ID) VALUES(39,5);
INSERT INTO TT_ATTR_OBJECT_TYPES(ATTR_ID,OBJECT_TYPE_ID) VALUES(40,5);
INSERT INTO TT_ATTR_OBJECT_TYPES(ATTR_ID,OBJECT_TYPE_ID) VALUES(31,6);
INSERT INTO TT_ATTR_OBJECT_TYPES(ATTR_ID,OBJECT_TYPE_ID) VALUES(36,6);
INSERT INTO TT_ATTR_OBJECT_TYPES(ATTR_ID,OBJECT_TYPE_ID) VALUES(37,6);
INSERT INTO TT_ATTR_OBJECT_TYPES(ATTR_ID,OBJECT_TYPE_ID) VALUES(38,6);
INSERT INTO TT_ATTR_OBJECT_TYPES(ATTR_ID,OBJECT_TYPE_ID) VALUES(39,6);
INSERT INTO TT_ATTR_OBJECT_TYPES(ATTR_ID,OBJECT_TYPE_ID) VALUES(40,6);
INSERT INTO TT_ATTR_OBJECT_TYPES(ATTR_ID,OBJECT_TYPE_ID) VALUES(31,7);
INSERT INTO TT_ATTR_OBJECT_TYPES(ATTR_ID,OBJECT_TYPE_ID) VALUES(36,7);
INSERT INTO TT_ATTR_OBJECT_TYPES(ATTR_ID,OBJECT_TYPE_ID) VALUES(37,7);
INSERT INTO TT_ATTR_OBJECT_TYPES(ATTR_ID,OBJECT_TYPE_ID) VALUES(38,7);
INSERT INTO TT_ATTR_OBJECT_TYPES(ATTR_ID,OBJECT_TYPE_ID) VALUES(39,7);
INSERT INTO TT_ATTR_OBJECT_TYPES(ATTR_ID,OBJECT_TYPE_ID) VALUES(40,7);
INSERT INTO TT_ATTR_OBJECT_TYPES(ATTR_ID,OBJECT_TYPE_ID) VALUES(31,8);
INSERT INTO TT_ATTR_OBJECT_TYPES(ATTR_ID,OBJECT_TYPE_ID) VALUES(36,8);
INSERT INTO TT_ATTR_OBJECT_TYPES(ATTR_ID,OBJECT_TYPE_ID) VALUES(37,8);
INSERT INTO TT_ATTR_OBJECT_TYPES(ATTR_ID,OBJECT_TYPE_ID) VALUES(38,8);
INSERT INTO TT_ATTR_OBJECT_TYPES(ATTR_ID,OBJECT_TYPE_ID) VALUES(39,8);
INSERT INTO TT_ATTR_OBJECT_TYPES(ATTR_ID,OBJECT_TYPE_ID) VALUES(40,8);
INSERT INTO TT_ATTR_OBJECT_TYPES(ATTR_ID,OBJECT_TYPE_ID) VALUES(36,9);
INSERT INTO TT_ATTR_OBJECT_TYPES(ATTR_ID,OBJECT_TYPE_ID) VALUES(37,9);
INSERT INTO TT_ATTR_OBJECT_TYPES(ATTR_ID,OBJECT_TYPE_ID) VALUES(38,9);
INSERT INTO TT_ATTR_OBJECT_TYPES(ATTR_ID,OBJECT_TYPE_ID) VALUES(39,9);

INSERT INTO TT_ATTR_OBJECT_TYPES(ATTR_ID,OBJECT_TYPE_ID) VALUES(21,4);
INSERT INTO TT_ATTR_OBJECT_TYPES(ATTR_ID,OBJECT_TYPE_ID) VALUES(28,5);
INSERT INTO TT_ATTR_OBJECT_TYPES(ATTR_ID,OBJECT_TYPE_ID) VALUES(28,6);
INSERT INTO TT_ATTR_OBJECT_TYPES(ATTR_ID,OBJECT_TYPE_ID) VALUES(30,7);
INSERT INTO TT_ATTR_OBJECT_TYPES(ATTR_ID,OBJECT_TYPE_ID) VALUES(28,8);
INSERT INTO TT_ATTR_OBJECT_TYPES(ATTR_ID,OBJECT_TYPE_ID) VALUES(41,9);

INSERT INTO TT_OBJECTS(OBJECT_ID,OBJECT_TYPE_ID,OBJECT_CLASS_ID,NAME,DESCRIPTION) VALUES(1,1,1,'admin','Shop administrator');
INSERT INTO TT_PARAMS(OBJECT_ID,ATTR_ID,ATTR_ACCESS_TYPE,VALUE) VALUES(1,1,1,'1');
INSERT INTO TT_PARAMS(OBJECT_ID,ATTR_ID,ATTR_ACCESS_TYPE,VALUE) VALUES(1,2,0,'admin');
INSERT INTO TT_PARAMS(OBJECT_ID,ATTR_ID,ATTR_ACCESS_TYPE,VALUE) VALUES(1,3,0,'21232f297a57a5a743894a0e4a801fc3');
INSERT INTO TT_PARAMS(OBJECT_ID,ATTR_ID,ATTR_ACCESS_TYPE,VALUE) VALUES(1,4,0,'Vlad');
INSERT INTO TT_PARAMS(OBJECT_ID,ATTR_ID,ATTR_ACCESS_TYPE,VALUE) VALUES(1,5,0,'Liutyi');
INSERT INTO TT_PARAMS(OBJECT_ID,ATTR_ID,ATTR_ACCESS_TYPE,VALUE) VALUES(1,6,0,'vladlutiy@gmail.com');
INSERT INTO TT_PARAMS(OBJECT_ID,ATTR_ID,ATTR_ACCESS_TYPE,DATE_VALUE) VALUES(1,36,2,SYSDATE);
INSERT INTO TT_PARAMS(OBJECT_ID,ATTR_ID,ATTR_ACCESS_TYPE,DATE_VALUE) VALUES(1,37,2,SYSDATE);
INSERT INTO TT_PARAMS(OBJECT_ID,ATTR_ID,ATTR_ACCESS_TYPE,VALUE) VALUES(1,38,1,1);
INSERT INTO TT_PARAMS(OBJECT_ID,ATTR_ID,ATTR_ACCESS_TYPE,VALUE) VALUES(1,39,1,1);

CREATE SEQUENCE id_seq START WITH 100 INCREMENT BY 1 NOCACHE;

VARIABLE row_id number;

exec :row_id := id_seq.nextval;
INSERT INTO TT_OBJECTS(OBJECT_ID, OBJECT_CLASS_ID, OBJECT_TYPE_ID,NAME,DESCRIPTION) VALUES(:row_id,:row_id,3,'LG  H845 G5se (Silver)','Phone model');
INSERT INTO TT_PARAMS(OBJECT_ID,ATTR_ID,ATTR_ACCESS_TYPE,VALUE) VALUES(:row_id,9,1,TO_CHAR(id_seq.nextval));
INSERT INTO TT_PARAMS(OBJECT_ID,ATTR_ID,ATTR_ACCESS_TYPE,VALUE) VALUES(:row_id,10,0,'Android 6.0 (Marshmallow)');
INSERT INTO TT_PARAMS(OBJECT_ID,ATTR_ID,ATTR_ACCESS_TYPE,VALUE) VALUES(:row_id,11,1,'32');
INSERT INTO TT_PARAMS(OBJECT_ID,ATTR_ID,ATTR_ACCESS_TYPE,VALUE) VALUES(:row_id,12,1,'3');
INSERT INTO TT_PARAMS(OBJECT_ID,ATTR_ID,ATTR_ACCESS_TYPE,VALUE) VALUES(:row_id,13,0,'Qualcomm Snapdragon 652 + GPU Adreno 510');
INSERT INTO TT_PARAMS(OBJECT_ID,ATTR_ID,ATTR_ACCESS_TYPE,VALUE) VALUES(:row_id,14,1,'159');
INSERT INTO TT_PARAMS(OBJECT_ID,ATTR_ID,ATTR_ACCESS_TYPE,VALUE) VALUES(:row_id,15,1,'149.4');
INSERT INTO TT_PARAMS(OBJECT_ID,ATTR_ID,ATTR_ACCESS_TYPE,VALUE) VALUES(:row_id,16,1,'73.9');
INSERT INTO TT_PARAMS(OBJECT_ID,ATTR_ID,ATTR_ACCESS_TYPE,VALUE) VALUES(:row_id,17,1,'7.7');
INSERT INTO TT_PARAMS(OBJECT_ID,ATTR_ID,ATTR_ACCESS_TYPE,VALUE) VALUES(:row_id,31,1,'14111');
INSERT INTO TT_PARAMS(OBJECT_ID,ATTR_ID,ATTR_ACCESS_TYPE,VALUE) VALUES(:row_id,40,0,'img/1.jpg');
INSERT INTO TT_PARAMS(OBJECT_ID,ATTR_ID,ATTR_ACCESS_TYPE,DATE_VALUE) VALUES(:row_id,36,2,SYSDATE);
INSERT INTO TT_PARAMS(OBJECT_ID,ATTR_ID,ATTR_ACCESS_TYPE,DATE_VALUE) VALUES(:row_id,37,2,SYSDATE);
INSERT INTO TT_PARAMS(OBJECT_ID,ATTR_ID,ATTR_ACCESS_TYPE,VALUE) VALUES(:row_id,38,1,1);
INSERT INTO TT_PARAMS(OBJECT_ID,ATTR_ID,ATTR_ACCESS_TYPE,VALUE) VALUES(:row_id,39,1,1);

exec :row_id := id_seq.nextval;
INSERT INTO TT_OBJECTS(OBJECT_ID, OBJECT_CLASS_ID, OBJECT_TYPE_ID,NAME,DESCRIPTION) VALUES(:row_id,:row_id,3,'Apple  iPhone 5S 16GB (Space Gray)','Phone model');
INSERT INTO TT_PARAMS(OBJECT_ID,ATTR_ID,ATTR_ACCESS_TYPE,VALUE) VALUES(:row_id,9,1,TO_CHAR(id_seq.nextval));
INSERT INTO TT_PARAMS(OBJECT_ID,ATTR_ID,ATTR_ACCESS_TYPE,VALUE) VALUES(:row_id,10,0,'iOS');
INSERT INTO TT_PARAMS(OBJECT_ID,ATTR_ID,ATTR_ACCESS_TYPE,VALUE) VALUES(:row_id,11,1,'16');
INSERT INTO TT_PARAMS(OBJECT_ID,ATTR_ID,ATTR_ACCESS_TYPE,VALUE) VALUES(:row_id,12,1,'1');
INSERT INTO TT_PARAMS(OBJECT_ID,ATTR_ID,ATTR_ACCESS_TYPE,VALUE) VALUES(:row_id,13,0,'Apple A7 + GPU PowerVR G6430');
INSERT INTO TT_PARAMS(OBJECT_ID,ATTR_ID,ATTR_ACCESS_TYPE,VALUE) VALUES(:row_id,14,1,'112');
INSERT INTO TT_PARAMS(OBJECT_ID,ATTR_ID,ATTR_ACCESS_TYPE,VALUE) VALUES(:row_id,15,1,'123.8');
INSERT INTO TT_PARAMS(OBJECT_ID,ATTR_ID,ATTR_ACCESS_TYPE,VALUE) VALUES(:row_id,16,1,'58.6');
INSERT INTO TT_PARAMS(OBJECT_ID,ATTR_ID,ATTR_ACCESS_TYPE,VALUE) VALUES(:row_id,17,1,'7.6');
INSERT INTO TT_PARAMS(OBJECT_ID,ATTR_ID,ATTR_ACCESS_TYPE,VALUE) VALUES(:row_id,31,1,'6162');
INSERT INTO TT_PARAMS(OBJECT_ID,ATTR_ID,ATTR_ACCESS_TYPE,VALUE) VALUES(:row_id,40,0,'img/2.jpg');
INSERT INTO TT_PARAMS(OBJECT_ID,ATTR_ID,ATTR_ACCESS_TYPE,DATE_VALUE) VALUES(:row_id,36,2,SYSDATE);
INSERT INTO TT_PARAMS(OBJECT_ID,ATTR_ID,ATTR_ACCESS_TYPE,DATE_VALUE) VALUES(:row_id,37,2,SYSDATE);
INSERT INTO TT_PARAMS(OBJECT_ID,ATTR_ID,ATTR_ACCESS_TYPE,VALUE) VALUES(:row_id,38,1,1);
INSERT INTO TT_PARAMS(OBJECT_ID,ATTR_ID,ATTR_ACCESS_TYPE,VALUE) VALUES(:row_id,39,1,1);

exec :row_id := id_seq.nextval;
INSERT INTO TT_OBJECTS(OBJECT_ID, OBJECT_CLASS_ID, OBJECT_TYPE_ID,NAME,DESCRIPTION) VALUES(:row_id,:row_id,3,'Xiaomi  Redmi 3 (Fashion Dark Gray)','Phone model');
INSERT INTO TT_PARAMS(OBJECT_ID,ATTR_ID,ATTR_ACCESS_TYPE,VALUE) VALUES(:row_id,9,1,TO_CHAR(id_seq.nextval));
INSERT INTO TT_PARAMS(OBJECT_ID,ATTR_ID,ATTR_ACCESS_TYPE,VALUE) VALUES(:row_id,10,0,'Android 5.1 с фирменной оболочкой MIUI 7');
INSERT INTO TT_PARAMS(OBJECT_ID,ATTR_ID,ATTR_ACCESS_TYPE,VALUE) VALUES(:row_id,11,1,'16');
INSERT INTO TT_PARAMS(OBJECT_ID,ATTR_ID,ATTR_ACCESS_TYPE,VALUE) VALUES(:row_id,12,1,'2');
INSERT INTO TT_PARAMS(OBJECT_ID,ATTR_ID,ATTR_ACCESS_TYPE,VALUE) VALUES(:row_id,13,0,'Qualcomm MSM8939v2 Snapdragon 616');
INSERT INTO TT_PARAMS(OBJECT_ID,ATTR_ID,ATTR_ACCESS_TYPE,VALUE) VALUES(:row_id,14,1,'144');
INSERT INTO TT_PARAMS(OBJECT_ID,ATTR_ID,ATTR_ACCESS_TYPE,VALUE) VALUES(:row_id,15,1,'139.3');
INSERT INTO TT_PARAMS(OBJECT_ID,ATTR_ID,ATTR_ACCESS_TYPE,VALUE) VALUES(:row_id,16,1,'69.6');
INSERT INTO TT_PARAMS(OBJECT_ID,ATTR_ID,ATTR_ACCESS_TYPE,VALUE) VALUES(:row_id,17,1,'8.5');
INSERT INTO TT_PARAMS(OBJECT_ID,ATTR_ID,ATTR_ACCESS_TYPE,VALUE) VALUES(:row_id,31,1,'3369');
INSERT INTO TT_PARAMS(OBJECT_ID,ATTR_ID,ATTR_ACCESS_TYPE,VALUE) VALUES(:row_id,40,0,'img/3.jpg');
INSERT INTO TT_PARAMS(OBJECT_ID,ATTR_ID,ATTR_ACCESS_TYPE,DATE_VALUE) VALUES(:row_id,36,2,SYSDATE);
INSERT INTO TT_PARAMS(OBJECT_ID,ATTR_ID,ATTR_ACCESS_TYPE,DATE_VALUE) VALUES(:row_id,37,2,SYSDATE);
INSERT INTO TT_PARAMS(OBJECT_ID,ATTR_ID,ATTR_ACCESS_TYPE,VALUE) VALUES(:row_id,38,1,1);
INSERT INTO TT_PARAMS(OBJECT_ID,ATTR_ID,ATTR_ACCESS_TYPE,VALUE) VALUES(:row_id,39,1,1);

exec :row_id := id_seq.nextval;
INSERT INTO TT_OBJECTS(OBJECT_ID, OBJECT_CLASS_ID, OBJECT_TYPE_ID,NAME,DESCRIPTION) VALUES(:row_id,:row_id,3,'Apple  iPhone 6 16GB (Space Gray)','Phone model');
INSERT INTO TT_PARAMS(OBJECT_ID,ATTR_ID,ATTR_ACCESS_TYPE,VALUE) VALUES(:row_id,9,1,TO_CHAR(id_seq.nextval));
INSERT INTO TT_PARAMS(OBJECT_ID,ATTR_ID,ATTR_ACCESS_TYPE,VALUE) VALUES(:row_id,10,0,'Apple iOS 8');
INSERT INTO TT_PARAMS(OBJECT_ID,ATTR_ID,ATTR_ACCESS_TYPE,VALUE) VALUES(:row_id,11,1,'16');
INSERT INTO TT_PARAMS(OBJECT_ID,ATTR_ID,ATTR_ACCESS_TYPE,VALUE) VALUES(:row_id,12,1,'1');
INSERT INTO TT_PARAMS(OBJECT_ID,ATTR_ID,ATTR_ACCESS_TYPE,VALUE) VALUES(:row_id,13,0,'Apple A8 + GPU PowerVR GX6450');
INSERT INTO TT_PARAMS(OBJECT_ID,ATTR_ID,ATTR_ACCESS_TYPE,VALUE) VALUES(:row_id,14,1,'129');
INSERT INTO TT_PARAMS(OBJECT_ID,ATTR_ID,ATTR_ACCESS_TYPE,VALUE) VALUES(:row_id,15,1,'138.1');
INSERT INTO TT_PARAMS(OBJECT_ID,ATTR_ID,ATTR_ACCESS_TYPE,VALUE) VALUES(:row_id,16,1,'67');
INSERT INTO TT_PARAMS(OBJECT_ID,ATTR_ID,ATTR_ACCESS_TYPE,VALUE) VALUES(:row_id,17,1,'6.9');
INSERT INTO TT_PARAMS(OBJECT_ID,ATTR_ID,ATTR_ACCESS_TYPE,VALUE) VALUES(:row_id,31,1,'9300');
INSERT INTO TT_PARAMS(OBJECT_ID,ATTR_ID,ATTR_ACCESS_TYPE,VALUE) VALUES(:row_id,40,0,'img/4.jpg');
INSERT INTO TT_PARAMS(OBJECT_ID,ATTR_ID,ATTR_ACCESS_TYPE,DATE_VALUE) VALUES(:row_id,36,2,SYSDATE);
INSERT INTO TT_PARAMS(OBJECT_ID,ATTR_ID,ATTR_ACCESS_TYPE,DATE_VALUE) VALUES(:row_id,37,2,SYSDATE);
INSERT INTO TT_PARAMS(OBJECT_ID,ATTR_ID,ATTR_ACCESS_TYPE,VALUE) VALUES(:row_id,38,1,1);
INSERT INTO TT_PARAMS(OBJECT_ID,ATTR_ID,ATTR_ACCESS_TYPE,VALUE) VALUES(:row_id,39,1,1);

exec :row_id := id_seq.nextval;
INSERT INTO TT_OBJECTS(OBJECT_ID, OBJECT_CLASS_ID, OBJECT_TYPE_ID,NAME,DESCRIPTION) VALUES(:row_id,:row_id,3,'Xiaomi  Redmi Note 3 Pro 32GB (Gray)','Phone model');
INSERT INTO TT_PARAMS(OBJECT_ID,ATTR_ID,ATTR_ACCESS_TYPE,VALUE) VALUES(:row_id,9,1,TO_CHAR(id_seq.nextval));
INSERT INTO TT_PARAMS(OBJECT_ID,ATTR_ID,ATTR_ACCESS_TYPE,VALUE) VALUES(:row_id,10,0,'Android 5.1 с фирменной оболочкой MIUI 7');
INSERT INTO TT_PARAMS(OBJECT_ID,ATTR_ID,ATTR_ACCESS_TYPE,VALUE) VALUES(:row_id,11,1,'32');
INSERT INTO TT_PARAMS(OBJECT_ID,ATTR_ID,ATTR_ACCESS_TYPE,VALUE) VALUES(:row_id,12,1,'3');
INSERT INTO TT_PARAMS(OBJECT_ID,ATTR_ID,ATTR_ACCESS_TYPE,VALUE) VALUES(:row_id,13,0,'Qualcomm Snapdragon 650 + GPU Adreno 510');
INSERT INTO TT_PARAMS(OBJECT_ID,ATTR_ID,ATTR_ACCESS_TYPE,VALUE) VALUES(:row_id,14,1,'164');
INSERT INTO TT_PARAMS(OBJECT_ID,ATTR_ID,ATTR_ACCESS_TYPE,VALUE) VALUES(:row_id,15,1,'150');
INSERT INTO TT_PARAMS(OBJECT_ID,ATTR_ID,ATTR_ACCESS_TYPE,VALUE) VALUES(:row_id,16,1,'76');
INSERT INTO TT_PARAMS(OBJECT_ID,ATTR_ID,ATTR_ACCESS_TYPE,VALUE) VALUES(:row_id,17,1,'8.7');
INSERT INTO TT_PARAMS(OBJECT_ID,ATTR_ID,ATTR_ACCESS_TYPE,VALUE) VALUES(:row_id,31,1,'5770');
INSERT INTO TT_PARAMS(OBJECT_ID,ATTR_ID,ATTR_ACCESS_TYPE,VALUE) VALUES(:row_id,40,0,'img/5.jpg');
INSERT INTO TT_PARAMS(OBJECT_ID,ATTR_ID,ATTR_ACCESS_TYPE,DATE_VALUE) VALUES(:row_id,36,2,SYSDATE);
INSERT INTO TT_PARAMS(OBJECT_ID,ATTR_ID,ATTR_ACCESS_TYPE,DATE_VALUE) VALUES(:row_id,37,2,SYSDATE);
INSERT INTO TT_PARAMS(OBJECT_ID,ATTR_ID,ATTR_ACCESS_TYPE,VALUE) VALUES(:row_id,38,1,1);
INSERT INTO TT_PARAMS(OBJECT_ID,ATTR_ID,ATTR_ACCESS_TYPE,VALUE) VALUES(:row_id,39,1,1);

exec :row_id := id_seq.nextval;
INSERT INTO TT_OBJECTS(OBJECT_ID, OBJECT_CLASS_ID, OBJECT_TYPE_ID,NAME,DESCRIPTION) VALUES(:row_id,:row_id,3,'Xiaomi  Redmi Note 3 Pro 16GB (Gray)','Phone model');
INSERT INTO TT_PARAMS(OBJECT_ID,ATTR_ID,ATTR_ACCESS_TYPE,VALUE) VALUES(:row_id,9,1,TO_CHAR(id_seq.nextval));
INSERT INTO TT_PARAMS(OBJECT_ID,ATTR_ID,ATTR_ACCESS_TYPE,VALUE) VALUES(:row_id,10,0,'Android 5.1 с фирменной оболочкой MIUI 7');
INSERT INTO TT_PARAMS(OBJECT_ID,ATTR_ID,ATTR_ACCESS_TYPE,VALUE) VALUES(:row_id,11,1,'16');
INSERT INTO TT_PARAMS(OBJECT_ID,ATTR_ID,ATTR_ACCESS_TYPE,VALUE) VALUES(:row_id,12,1,'2');
INSERT INTO TT_PARAMS(OBJECT_ID,ATTR_ID,ATTR_ACCESS_TYPE,VALUE) VALUES(:row_id,13,0,'Qualcomm Snapdragon 650 + GPU Adreno 510');
INSERT INTO TT_PARAMS(OBJECT_ID,ATTR_ID,ATTR_ACCESS_TYPE,VALUE) VALUES(:row_id,14,1,'164');
INSERT INTO TT_PARAMS(OBJECT_ID,ATTR_ID,ATTR_ACCESS_TYPE,VALUE) VALUES(:row_id,15,1,'150');
INSERT INTO TT_PARAMS(OBJECT_ID,ATTR_ID,ATTR_ACCESS_TYPE,VALUE) VALUES(:row_id,16,1,'76');
INSERT INTO TT_PARAMS(OBJECT_ID,ATTR_ID,ATTR_ACCESS_TYPE,VALUE) VALUES(:row_id,17,1,'8.7');
INSERT INTO TT_PARAMS(OBJECT_ID,ATTR_ID,ATTR_ACCESS_TYPE,VALUE) VALUES(:row_id,31,1,'4199');
INSERT INTO TT_PARAMS(OBJECT_ID,ATTR_ID,ATTR_ACCESS_TYPE,VALUE) VALUES(:row_id,40,0,'img/6.jpg');
INSERT INTO TT_PARAMS(OBJECT_ID,ATTR_ID,ATTR_ACCESS_TYPE,DATE_VALUE) VALUES(:row_id,36,2,SYSDATE);
INSERT INTO TT_PARAMS(OBJECT_ID,ATTR_ID,ATTR_ACCESS_TYPE,DATE_VALUE) VALUES(:row_id,37,2,SYSDATE);
INSERT INTO TT_PARAMS(OBJECT_ID,ATTR_ID,ATTR_ACCESS_TYPE,VALUE) VALUES(:row_id,38,1,1);
INSERT INTO TT_PARAMS(OBJECT_ID,ATTR_ID,ATTR_ACCESS_TYPE,VALUE) VALUES(:row_id,39,1,1);

exec :row_id := id_seq.nextval;
INSERT INTO TT_OBJECTS(OBJECT_ID, OBJECT_CLASS_ID, OBJECT_TYPE_ID,NAME,DESCRIPTION) VALUES(:row_id,:row_id,3,'DOOGEE  X5 (Black)','Phone model');
INSERT INTO TT_PARAMS(OBJECT_ID,ATTR_ID,ATTR_ACCESS_TYPE,VALUE) VALUES(:row_id,9,1,TO_CHAR(id_seq.nextval));
INSERT INTO TT_PARAMS(OBJECT_ID,ATTR_ID,ATTR_ACCESS_TYPE,VALUE) VALUES(:row_id,10,0,'Android 5.1 (Lollipop)');
INSERT INTO TT_PARAMS(OBJECT_ID,ATTR_ID,ATTR_ACCESS_TYPE,VALUE) VALUES(:row_id,11,1,'8');
INSERT INTO TT_PARAMS(OBJECT_ID,ATTR_ID,ATTR_ACCESS_TYPE,VALUE) VALUES(:row_id,12,1,'1');
INSERT INTO TT_PARAMS(OBJECT_ID,ATTR_ID,ATTR_ACCESS_TYPE,VALUE) VALUES(:row_id,13,0,'MediaTek MT6580 + GPU Mali 400MP2');
INSERT INTO TT_PARAMS(OBJECT_ID,ATTR_ID,ATTR_ACCESS_TYPE,VALUE) VALUES(:row_id,14,1,'130');
INSERT INTO TT_PARAMS(OBJECT_ID,ATTR_ID,ATTR_ACCESS_TYPE,VALUE) VALUES(:row_id,15,1,'143');
INSERT INTO TT_PARAMS(OBJECT_ID,ATTR_ID,ATTR_ACCESS_TYPE,VALUE) VALUES(:row_id,16,1,'72.2');
INSERT INTO TT_PARAMS(OBJECT_ID,ATTR_ID,ATTR_ACCESS_TYPE,VALUE) VALUES(:row_id,17,1,'8.8');
INSERT INTO TT_PARAMS(OBJECT_ID,ATTR_ID,ATTR_ACCESS_TYPE,VALUE) VALUES(:row_id,31,1,'1409');
INSERT INTO TT_PARAMS(OBJECT_ID,ATTR_ID,ATTR_ACCESS_TYPE,VALUE) VALUES(:row_id,40,0,'img/7.jpg');
INSERT INTO TT_PARAMS(OBJECT_ID,ATTR_ID,ATTR_ACCESS_TYPE,DATE_VALUE) VALUES(:row_id,36,2,SYSDATE);
INSERT INTO TT_PARAMS(OBJECT_ID,ATTR_ID,ATTR_ACCESS_TYPE,DATE_VALUE) VALUES(:row_id,37,2,SYSDATE);
INSERT INTO TT_PARAMS(OBJECT_ID,ATTR_ID,ATTR_ACCESS_TYPE,VALUE) VALUES(:row_id,38,1,1);
INSERT INTO TT_PARAMS(OBJECT_ID,ATTR_ID,ATTR_ACCESS_TYPE,VALUE) VALUES(:row_id,39,1,1);

exec :row_id := id_seq.nextval;
INSERT INTO TT_OBJECTS(OBJECT_ID, OBJECT_CLASS_ID, OBJECT_TYPE_ID,NAME,DESCRIPTION) VALUES(:row_id,:row_id,3,'Meizu  M2 (Gray)','Phone model');
INSERT INTO TT_PARAMS(OBJECT_ID,ATTR_ID,ATTR_ACCESS_TYPE,VALUE) VALUES(:row_id,9,1,TO_CHAR(id_seq.nextval));
INSERT INTO TT_PARAMS(OBJECT_ID,ATTR_ID,ATTR_ACCESS_TYPE,VALUE) VALUES(:row_id,10,0,'Android 5.1 (Lollipop)');
INSERT INTO TT_PARAMS(OBJECT_ID,ATTR_ID,ATTR_ACCESS_TYPE,VALUE) VALUES(:row_id,11,1,'16');
INSERT INTO TT_PARAMS(OBJECT_ID,ATTR_ID,ATTR_ACCESS_TYPE,VALUE) VALUES(:row_id,12,1,'2');
INSERT INTO TT_PARAMS(OBJECT_ID,ATTR_ID,ATTR_ACCESS_TYPE,VALUE) VALUES(:row_id,13,0,'MediaTek MT6735 + GPU Mali T720MP2');
INSERT INTO TT_PARAMS(OBJECT_ID,ATTR_ID,ATTR_ACCESS_TYPE,VALUE) VALUES(:row_id,14,1,'135');
INSERT INTO TT_PARAMS(OBJECT_ID,ATTR_ID,ATTR_ACCESS_TYPE,VALUE) VALUES(:row_id,15,1,'140.1');
INSERT INTO TT_PARAMS(OBJECT_ID,ATTR_ID,ATTR_ACCESS_TYPE,VALUE) VALUES(:row_id,16,1,'68.9');
INSERT INTO TT_PARAMS(OBJECT_ID,ATTR_ID,ATTR_ACCESS_TYPE,VALUE) VALUES(:row_id,17,1,'8.7');
INSERT INTO TT_PARAMS(OBJECT_ID,ATTR_ID,ATTR_ACCESS_TYPE,VALUE) VALUES(:row_id,31,1,'2949');
INSERT INTO TT_PARAMS(OBJECT_ID,ATTR_ID,ATTR_ACCESS_TYPE,VALUE) VALUES(:row_id,40,0,'img/8.jpg');
INSERT INTO TT_PARAMS(OBJECT_ID,ATTR_ID,ATTR_ACCESS_TYPE,DATE_VALUE) VALUES(:row_id,36,2,SYSDATE);
INSERT INTO TT_PARAMS(OBJECT_ID,ATTR_ID,ATTR_ACCESS_TYPE,DATE_VALUE) VALUES(:row_id,37,2,SYSDATE);
INSERT INTO TT_PARAMS(OBJECT_ID,ATTR_ID,ATTR_ACCESS_TYPE,VALUE) VALUES(:row_id,38,1,1);
INSERT INTO TT_PARAMS(OBJECT_ID,ATTR_ID,ATTR_ACCESS_TYPE,VALUE) VALUES(:row_id,39,1,1);

exec :row_id := id_seq.nextval;
INSERT INTO TT_OBJECTS(OBJECT_ID, OBJECT_CLASS_ID, OBJECT_TYPE_ID,NAME,DESCRIPTION) VALUES(:row_id,:row_id,3,'Samsung  G930FD Galaxy S7 32GB (Black)','Phone model');
INSERT INTO TT_PARAMS(OBJECT_ID,ATTR_ID,ATTR_ACCESS_TYPE,VALUE) VALUES(:row_id,9,1,TO_CHAR(id_seq.nextval));
INSERT INTO TT_PARAMS(OBJECT_ID,ATTR_ID,ATTR_ACCESS_TYPE,VALUE) VALUES(:row_id,10,0,'Android 6.0 (Marshmallow)');
INSERT INTO TT_PARAMS(OBJECT_ID,ATTR_ID,ATTR_ACCESS_TYPE,VALUE) VALUES(:row_id,11,1,'32');
INSERT INTO TT_PARAMS(OBJECT_ID,ATTR_ID,ATTR_ACCESS_TYPE,VALUE) VALUES(:row_id,12,1,'4');
INSERT INTO TT_PARAMS(OBJECT_ID,ATTR_ID,ATTR_ACCESS_TYPE,VALUE) VALUES(:row_id,13,0,'Samsung Exynos 8890 + GPU Mali T880MP12');
INSERT INTO TT_PARAMS(OBJECT_ID,ATTR_ID,ATTR_ACCESS_TYPE,VALUE) VALUES(:row_id,14,1,'152');
INSERT INTO TT_PARAMS(OBJECT_ID,ATTR_ID,ATTR_ACCESS_TYPE,VALUE) VALUES(:row_id,15,1,'142.4');
INSERT INTO TT_PARAMS(OBJECT_ID,ATTR_ID,ATTR_ACCESS_TYPE,VALUE) VALUES(:row_id,16,1,'69.6');
INSERT INTO TT_PARAMS(OBJECT_ID,ATTR_ID,ATTR_ACCESS_TYPE,VALUE) VALUES(:row_id,17,1,'8.5');
INSERT INTO TT_PARAMS(OBJECT_ID,ATTR_ID,ATTR_ACCESS_TYPE,VALUE) VALUES(:row_id,31,1,'14742');
INSERT INTO TT_PARAMS(OBJECT_ID,ATTR_ID,ATTR_ACCESS_TYPE,VALUE) VALUES(:row_id,40,0,'img/9.jpg');
INSERT INTO TT_PARAMS(OBJECT_ID,ATTR_ID,ATTR_ACCESS_TYPE,DATE_VALUE) VALUES(:row_id,36,2,SYSDATE);
INSERT INTO TT_PARAMS(OBJECT_ID,ATTR_ID,ATTR_ACCESS_TYPE,DATE_VALUE) VALUES(:row_id,37,2,SYSDATE);
INSERT INTO TT_PARAMS(OBJECT_ID,ATTR_ID,ATTR_ACCESS_TYPE,VALUE) VALUES(:row_id,38,1,1);
INSERT INTO TT_PARAMS(OBJECT_ID,ATTR_ID,ATTR_ACCESS_TYPE,VALUE) VALUES(:row_id,39,1,1);


exec :row_id := id_seq.nextval;
INSERT INTO TT_OBJECTS(OBJECT_ID, OBJECT_CLASS_ID, OBJECT_TYPE_ID,NAME,DESCRIPTION) VALUES(:row_id,:row_id,3,'Lenovo  K3 Note K50-T5 (Yellow)','Phone model');
INSERT INTO TT_PARAMS(OBJECT_ID,ATTR_ID,ATTR_ACCESS_TYPE,VALUE) VALUES(:row_id,9,1,TO_CHAR(id_seq.nextval));
INSERT INTO TT_PARAMS(OBJECT_ID,ATTR_ID,ATTR_ACCESS_TYPE,VALUE) VALUES(:row_id,10,0,'Android 5.0');
INSERT INTO TT_PARAMS(OBJECT_ID,ATTR_ID,ATTR_ACCESS_TYPE,VALUE) VALUES(:row_id,11,1,'16');
INSERT INTO TT_PARAMS(OBJECT_ID,ATTR_ID,ATTR_ACCESS_TYPE,VALUE) VALUES(:row_id,12,1,'2');
INSERT INTO TT_PARAMS(OBJECT_ID,ATTR_ID,ATTR_ACCESS_TYPE,VALUE) VALUES(:row_id,13,0,'MediaTek MT6752 + GPU Mali-T760');
INSERT INTO TT_PARAMS(OBJECT_ID,ATTR_ID,ATTR_ACCESS_TYPE,VALUE) VALUES(:row_id,14,1,'150');
INSERT INTO TT_PARAMS(OBJECT_ID,ATTR_ID,ATTR_ACCESS_TYPE,VALUE) VALUES(:row_id,15,1,'152.6');
INSERT INTO TT_PARAMS(OBJECT_ID,ATTR_ID,ATTR_ACCESS_TYPE,VALUE) VALUES(:row_id,16,1,'76.2');
INSERT INTO TT_PARAMS(OBJECT_ID,ATTR_ID,ATTR_ACCESS_TYPE,VALUE) VALUES(:row_id,17,1,'7.6');
INSERT INTO TT_PARAMS(OBJECT_ID,ATTR_ID,ATTR_ACCESS_TYPE,VALUE) VALUES(:row_id,31,1,'2848');
INSERT INTO TT_PARAMS(OBJECT_ID,ATTR_ID,ATTR_ACCESS_TYPE,VALUE) VALUES(:row_id,40,0,'img/10.jpg');
INSERT INTO TT_PARAMS(OBJECT_ID,ATTR_ID,ATTR_ACCESS_TYPE,DATE_VALUE) VALUES(:row_id,36,2,SYSDATE);
INSERT INTO TT_PARAMS(OBJECT_ID,ATTR_ID,ATTR_ACCESS_TYPE,DATE_VALUE) VALUES(:row_id,37,2,SYSDATE);
INSERT INTO TT_PARAMS(OBJECT_ID,ATTR_ID,ATTR_ACCESS_TYPE,VALUE) VALUES(:row_id,38,1,1);
INSERT INTO TT_PARAMS(OBJECT_ID,ATTR_ID,ATTR_ACCESS_TYPE,VALUE) VALUES(:row_id,39,1,1);





exec :row_id := id_seq.nextval;
INSERT INTO TT_OBJECTS(OBJECT_ID, OBJECT_CLASS_ID, OBJECT_TYPE_ID,NAME,DESCRIPTION) VALUES(:row_id,:row_id,4,'HTC RC E240','Headphones model');
INSERT INTO TT_PARAMS(OBJECT_ID,ATTR_ID,ATTR_ACCESS_TYPE,VALUE) VALUES(:row_id,18,1,TO_CHAR(id_seq.nextval));
INSERT INTO TT_PARAMS(OBJECT_ID,ATTR_ID,ATTR_ACCESS_TYPE,VALUE) VALUES(:row_id,19,0,'Проводной');
INSERT INTO TT_PARAMS(OBJECT_ID,ATTR_ID,ATTR_ACCESS_TYPE,VALUE) VALUES(:row_id,20,0,'Вакуумные (затычки)');
INSERT INTO TT_PARAMS(OBJECT_ID,ATTR_ID,ATTR_ACCESS_TYPE,VALUE) VALUES(:row_id,21,0,'Внутриканальное');
INSERT INTO TT_PARAMS(OBJECT_ID,ATTR_ID,ATTR_ACCESS_TYPE,VALUE) VALUES(:row_id,22,1,'0.8');
INSERT INTO TT_PARAMS(OBJECT_ID,ATTR_ID,ATTR_ACCESS_TYPE,VALUE) VALUES(:row_id,23,0,'Черные');
INSERT INTO TT_PARAMS(OBJECT_ID,ATTR_ID,ATTR_ACCESS_TYPE,VALUE) VALUES(:row_id,31,1,'495');
INSERT INTO TT_PARAMS(OBJECT_ID,ATTR_ID,ATTR_ACCESS_TYPE,VALUE) VALUES(:row_id,40,0,'img/11.jpg');
INSERT INTO TT_PARAMS(OBJECT_ID,ATTR_ID,ATTR_ACCESS_TYPE,DATE_VALUE) VALUES(:row_id,36,2,SYSDATE);
INSERT INTO TT_PARAMS(OBJECT_ID,ATTR_ID,ATTR_ACCESS_TYPE,DATE_VALUE) VALUES(:row_id,37,2,SYSDATE);
INSERT INTO TT_PARAMS(OBJECT_ID,ATTR_ID,ATTR_ACCESS_TYPE,VALUE) VALUES(:row_id,38,1,1);
INSERT INTO TT_PARAMS(OBJECT_ID,ATTR_ID,ATTR_ACCESS_TYPE,VALUE) VALUES(:row_id,39,1,1);

exec :row_id := id_seq.nextval;
INSERT INTO TT_OBJECTS(OBJECT_ID, OBJECT_CLASS_ID, OBJECT_TYPE_ID,NAME,DESCRIPTION) VALUES(:row_id,:row_id,4,'Sony MDR-EX15AP Black','Headphones model');
INSERT INTO TT_PARAMS(OBJECT_ID,ATTR_ID,ATTR_ACCESS_TYPE,VALUE) VALUES(:row_id,18,1,TO_CHAR(id_seq.nextval));
INSERT INTO TT_PARAMS(OBJECT_ID,ATTR_ID,ATTR_ACCESS_TYPE,VALUE) VALUES(:row_id,19,0,'Проводной');
INSERT INTO TT_PARAMS(OBJECT_ID,ATTR_ID,ATTR_ACCESS_TYPE,VALUE) VALUES(:row_id,20,0,'Вакуумные (затычки)');
INSERT INTO TT_PARAMS(OBJECT_ID,ATTR_ID,ATTR_ACCESS_TYPE,VALUE) VALUES(:row_id,21,0,'Внутриканальное');
INSERT INTO TT_PARAMS(OBJECT_ID,ATTR_ID,ATTR_ACCESS_TYPE,VALUE) VALUES(:row_id,22,1,'1.2');
INSERT INTO TT_PARAMS(OBJECT_ID,ATTR_ID,ATTR_ACCESS_TYPE,VALUE) VALUES(:row_id,23,0,'Черные');
INSERT INTO TT_PARAMS(OBJECT_ID,ATTR_ID,ATTR_ACCESS_TYPE,VALUE) VALUES(:row_id,31,1,'259');
INSERT INTO TT_PARAMS(OBJECT_ID,ATTR_ID,ATTR_ACCESS_TYPE,VALUE) VALUES(:row_id,40,0,'img/12.jpg');
INSERT INTO TT_PARAMS(OBJECT_ID,ATTR_ID,ATTR_ACCESS_TYPE,DATE_VALUE) VALUES(:row_id,36,2,SYSDATE);
INSERT INTO TT_PARAMS(OBJECT_ID,ATTR_ID,ATTR_ACCESS_TYPE,DATE_VALUE) VALUES(:row_id,37,2,SYSDATE);
INSERT INTO TT_PARAMS(OBJECT_ID,ATTR_ID,ATTR_ACCESS_TYPE,VALUE) VALUES(:row_id,38,1,1);
INSERT INTO TT_PARAMS(OBJECT_ID,ATTR_ID,ATTR_ACCESS_TYPE,VALUE) VALUES(:row_id,39,1,1);

exec :row_id := id_seq.nextval;
INSERT INTO TT_OBJECTS(OBJECT_ID, OBJECT_CLASS_ID, OBJECT_TYPE_ID,NAME,DESCRIPTION) VALUES(:row_id,:row_id,4,'Samsung EO-EG920L White','Headphones model');
INSERT INTO TT_PARAMS(OBJECT_ID,ATTR_ID,ATTR_ACCESS_TYPE,VALUE) VALUES(:row_id,18,1,TO_CHAR(id_seq.nextval));
INSERT INTO TT_PARAMS(OBJECT_ID,ATTR_ID,ATTR_ACCESS_TYPE,VALUE) VALUES(:row_id,19,0,'Проводной');
INSERT INTO TT_PARAMS(OBJECT_ID,ATTR_ID,ATTR_ACCESS_TYPE,VALUE) VALUES(:row_id,20,0,'Вакуумные (затычки)');
INSERT INTO TT_PARAMS(OBJECT_ID,ATTR_ID,ATTR_ACCESS_TYPE,VALUE) VALUES(:row_id,21,0,'Внутриканальное');
INSERT INTO TT_PARAMS(OBJECT_ID,ATTR_ID,ATTR_ACCESS_TYPE,VALUE) VALUES(:row_id,22,1,'1.2');
INSERT INTO TT_PARAMS(OBJECT_ID,ATTR_ID,ATTR_ACCESS_TYPE,VALUE) VALUES(:row_id,23,0,'Белые');
INSERT INTO TT_PARAMS(OBJECT_ID,ATTR_ID,ATTR_ACCESS_TYPE,VALUE) VALUES(:row_id,31,1,'275');
INSERT INTO TT_PARAMS(OBJECT_ID,ATTR_ID,ATTR_ACCESS_TYPE,VALUE) VALUES(:row_id,40,0,'img/13.jpg');
INSERT INTO TT_PARAMS(OBJECT_ID,ATTR_ID,ATTR_ACCESS_TYPE,DATE_VALUE) VALUES(:row_id,36,2,SYSDATE);
INSERT INTO TT_PARAMS(OBJECT_ID,ATTR_ID,ATTR_ACCESS_TYPE,DATE_VALUE) VALUES(:row_id,37,2,SYSDATE);
INSERT INTO TT_PARAMS(OBJECT_ID,ATTR_ID,ATTR_ACCESS_TYPE,VALUE) VALUES(:row_id,38,1,1);
INSERT INTO TT_PARAMS(OBJECT_ID,ATTR_ID,ATTR_ACCESS_TYPE,VALUE) VALUES(:row_id,39,1,1);

exec :row_id := id_seq.nextval;
INSERT INTO TT_OBJECTS(OBJECT_ID, OBJECT_CLASS_ID, OBJECT_TYPE_ID,NAME,DESCRIPTION) VALUES(:row_id,:row_id,4,'Samsung EHS64','Headphones model');
INSERT INTO TT_PARAMS(OBJECT_ID,ATTR_ID,ATTR_ACCESS_TYPE,VALUE) VALUES(:row_id,18,1,TO_CHAR(id_seq.nextval));
INSERT INTO TT_PARAMS(OBJECT_ID,ATTR_ID,ATTR_ACCESS_TYPE,VALUE) VALUES(:row_id,19,0,'Проводной');
INSERT INTO TT_PARAMS(OBJECT_ID,ATTR_ID,ATTR_ACCESS_TYPE,VALUE) VALUES(:row_id,20,0,'Вакуумные (затычки)');
INSERT INTO TT_PARAMS(OBJECT_ID,ATTR_ID,ATTR_ACCESS_TYPE,VALUE) VALUES(:row_id,21,0,'Внутриканальное');
INSERT INTO TT_PARAMS(OBJECT_ID,ATTR_ID,ATTR_ACCESS_TYPE,VALUE) VALUES(:row_id,22,1,'1.2');
INSERT INTO TT_PARAMS(OBJECT_ID,ATTR_ID,ATTR_ACCESS_TYPE,VALUE) VALUES(:row_id,23,0,'Белые');
INSERT INTO TT_PARAMS(OBJECT_ID,ATTR_ID,ATTR_ACCESS_TYPE,VALUE) VALUES(:row_id,31,1,'55');
INSERT INTO TT_PARAMS(OBJECT_ID,ATTR_ID,ATTR_ACCESS_TYPE,VALUE) VALUES(:row_id,40,0,'img/14.jpg');
INSERT INTO TT_PARAMS(OBJECT_ID,ATTR_ID,ATTR_ACCESS_TYPE,DATE_VALUE) VALUES(:row_id,36,2,SYSDATE);
INSERT INTO TT_PARAMS(OBJECT_ID,ATTR_ID,ATTR_ACCESS_TYPE,DATE_VALUE) VALUES(:row_id,37,2,SYSDATE);
INSERT INTO TT_PARAMS(OBJECT_ID,ATTR_ID,ATTR_ACCESS_TYPE,VALUE) VALUES(:row_id,38,1,1);
INSERT INTO TT_PARAMS(OBJECT_ID,ATTR_ID,ATTR_ACCESS_TYPE,VALUE) VALUES(:row_id,39,1,1);

exec :row_id := id_seq.nextval;
INSERT INTO TT_OBJECTS(OBJECT_ID, OBJECT_CLASS_ID, OBJECT_TYPE_ID,NAME,DESCRIPTION) VALUES(:row_id,:row_id,4,'Nomi NBH-300 Black','Headphones model');
INSERT INTO TT_PARAMS(OBJECT_ID,ATTR_ID,ATTR_ACCESS_TYPE,VALUE) VALUES(:row_id,18,1,TO_CHAR(id_seq.nextval));
INSERT INTO TT_PARAMS(OBJECT_ID,ATTR_ID,ATTR_ACCESS_TYPE,VALUE) VALUES(:row_id,19,0,'Беспроводной (Bluetooth 2.1, до 10м), проводной');
INSERT INTO TT_PARAMS(OBJECT_ID,ATTR_ID,ATTR_ACCESS_TYPE,VALUE) VALUES(:row_id,20,0,'Накладные');
INSERT INTO TT_PARAMS(OBJECT_ID,ATTR_ID,ATTR_ACCESS_TYPE,VALUE) VALUES(:row_id,21,0,'Оголовье');
INSERT INTO TT_PARAMS(OBJECT_ID,ATTR_ID,ATTR_ACCESS_TYPE,VALUE) VALUES(:row_id,22,1,'1.2');
INSERT INTO TT_PARAMS(OBJECT_ID,ATTR_ID,ATTR_ACCESS_TYPE,VALUE) VALUES(:row_id,23,0,'Черные');
INSERT INTO TT_PARAMS(OBJECT_ID,ATTR_ID,ATTR_ACCESS_TYPE,VALUE) VALUES(:row_id,31,1,'389');
INSERT INTO TT_PARAMS(OBJECT_ID,ATTR_ID,ATTR_ACCESS_TYPE,VALUE) VALUES(:row_id,40,0,'img/15.jpg');
INSERT INTO TT_PARAMS(OBJECT_ID,ATTR_ID,ATTR_ACCESS_TYPE,DATE_VALUE) VALUES(:row_id,36,2,SYSDATE);
INSERT INTO TT_PARAMS(OBJECT_ID,ATTR_ID,ATTR_ACCESS_TYPE,DATE_VALUE) VALUES(:row_id,37,2,SYSDATE);
INSERT INTO TT_PARAMS(OBJECT_ID,ATTR_ID,ATTR_ACCESS_TYPE,VALUE) VALUES(:row_id,38,1,1);
INSERT INTO TT_PARAMS(OBJECT_ID,ATTR_ID,ATTR_ACCESS_TYPE,VALUE) VALUES(:row_id,39,1,1);

exec :row_id := id_seq.nextval;
INSERT INTO TT_OBJECTS(OBJECT_ID, OBJECT_CLASS_ID, OBJECT_TYPE_ID,NAME,DESCRIPTION) VALUES(:row_id,:row_id,4,'Media-Tech MagicSound NS-3 Black','Headphones model');
INSERT INTO TT_PARAMS(OBJECT_ID,ATTR_ID,ATTR_ACCESS_TYPE,VALUE) VALUES(:row_id,18,1,TO_CHAR(id_seq.nextval));
INSERT INTO TT_PARAMS(OBJECT_ID,ATTR_ID,ATTR_ACCESS_TYPE,VALUE) VALUES(:row_id,19,0,'Проводной');
INSERT INTO TT_PARAMS(OBJECT_ID,ATTR_ID,ATTR_ACCESS_TYPE,VALUE) VALUES(:row_id,20,0,'Полноразмерные');
INSERT INTO TT_PARAMS(OBJECT_ID,ATTR_ID,ATTR_ACCESS_TYPE,VALUE) VALUES(:row_id,21,0,'Оголовье');
INSERT INTO TT_PARAMS(OBJECT_ID,ATTR_ID,ATTR_ACCESS_TYPE,VALUE) VALUES(:row_id,22,1,'1.2');
INSERT INTO TT_PARAMS(OBJECT_ID,ATTR_ID,ATTR_ACCESS_TYPE,VALUE) VALUES(:row_id,23,0,'Черные');
INSERT INTO TT_PARAMS(OBJECT_ID,ATTR_ID,ATTR_ACCESS_TYPE,VALUE) VALUES(:row_id,31,1,'215');
INSERT INTO TT_PARAMS(OBJECT_ID,ATTR_ID,ATTR_ACCESS_TYPE,VALUE) VALUES(:row_id,40,0,'img/16.jpg');
INSERT INTO TT_PARAMS(OBJECT_ID,ATTR_ID,ATTR_ACCESS_TYPE,DATE_VALUE) VALUES(:row_id,36,2,SYSDATE);
INSERT INTO TT_PARAMS(OBJECT_ID,ATTR_ID,ATTR_ACCESS_TYPE,DATE_VALUE) VALUES(:row_id,37,2,SYSDATE);
INSERT INTO TT_PARAMS(OBJECT_ID,ATTR_ID,ATTR_ACCESS_TYPE,VALUE) VALUES(:row_id,38,1,1);
INSERT INTO TT_PARAMS(OBJECT_ID,ATTR_ID,ATTR_ACCESS_TYPE,VALUE) VALUES(:row_id,39,1,1);

exec :row_id := id_seq.nextval;
INSERT INTO TT_OBJECTS(OBJECT_ID, OBJECT_CLASS_ID, OBJECT_TYPE_ID,NAME,DESCRIPTION) VALUES(:row_id,:row_id,4,'Samsung Level U Blue-Black','Headphones model');
INSERT INTO TT_PARAMS(OBJECT_ID,ATTR_ID,ATTR_ACCESS_TYPE,VALUE) VALUES(:row_id,18,1,TO_CHAR(id_seq.nextval));
INSERT INTO TT_PARAMS(OBJECT_ID,ATTR_ID,ATTR_ACCESS_TYPE,VALUE) VALUES(:row_id,19,0,'Беспроводной (Bluetooth 4.1 , до 10м)');
INSERT INTO TT_PARAMS(OBJECT_ID,ATTR_ID,ATTR_ACCESS_TYPE,VALUE) VALUES(:row_id,20,0,'Вкладыши');
INSERT INTO TT_PARAMS(OBJECT_ID,ATTR_ID,ATTR_ACCESS_TYPE,VALUE) VALUES(:row_id,21,0,'Внутриканальное');
INSERT INTO TT_PARAMS(OBJECT_ID,ATTR_ID,ATTR_ACCESS_TYPE,VALUE) VALUES(:row_id,22,1,'1.2');
INSERT INTO TT_PARAMS(OBJECT_ID,ATTR_ID,ATTR_ACCESS_TYPE,VALUE) VALUES(:row_id,23,0,'Сине-черные');
INSERT INTO TT_PARAMS(OBJECT_ID,ATTR_ID,ATTR_ACCESS_TYPE,VALUE) VALUES(:row_id,31,1,'1150');
INSERT INTO TT_PARAMS(OBJECT_ID,ATTR_ID,ATTR_ACCESS_TYPE,VALUE) VALUES(:row_id,40,0,'img/17.jpg');
INSERT INTO TT_PARAMS(OBJECT_ID,ATTR_ID,ATTR_ACCESS_TYPE,DATE_VALUE) VALUES(:row_id,36,2,SYSDATE);
INSERT INTO TT_PARAMS(OBJECT_ID,ATTR_ID,ATTR_ACCESS_TYPE,DATE_VALUE) VALUES(:row_id,37,2,SYSDATE);
INSERT INTO TT_PARAMS(OBJECT_ID,ATTR_ID,ATTR_ACCESS_TYPE,VALUE) VALUES(:row_id,38,1,1);
INSERT INTO TT_PARAMS(OBJECT_ID,ATTR_ID,ATTR_ACCESS_TYPE,VALUE) VALUES(:row_id,39,1,1);

exec :row_id := id_seq.nextval;
INSERT INTO TT_OBJECTS(OBJECT_ID, OBJECT_CLASS_ID, OBJECT_TYPE_ID,NAME,DESCRIPTION) VALUES(:row_id,:row_id,4,'Sony MDR-ZX770AP Black','Headphones model');
INSERT INTO TT_PARAMS(OBJECT_ID,ATTR_ID,ATTR_ACCESS_TYPE,VALUE) VALUES(:row_id,18,1,TO_CHAR(id_seq.nextval));
INSERT INTO TT_PARAMS(OBJECT_ID,ATTR_ID,ATTR_ACCESS_TYPE,VALUE) VALUES(:row_id,19,0,'Проводной');
INSERT INTO TT_PARAMS(OBJECT_ID,ATTR_ID,ATTR_ACCESS_TYPE,VALUE) VALUES(:row_id,20,0,'Полноразмерные');
INSERT INTO TT_PARAMS(OBJECT_ID,ATTR_ID,ATTR_ACCESS_TYPE,VALUE) VALUES(:row_id,21,0,'Оголовье');
INSERT INTO TT_PARAMS(OBJECT_ID,ATTR_ID,ATTR_ACCESS_TYPE,VALUE) VALUES(:row_id,22,1,'1.2');
INSERT INTO TT_PARAMS(OBJECT_ID,ATTR_ID,ATTR_ACCESS_TYPE,VALUE) VALUES(:row_id,23,0,'Черные');
INSERT INTO TT_PARAMS(OBJECT_ID,ATTR_ID,ATTR_ACCESS_TYPE,VALUE) VALUES(:row_id,31,1,'2124');
INSERT INTO TT_PARAMS(OBJECT_ID,ATTR_ID,ATTR_ACCESS_TYPE,VALUE) VALUES(:row_id,40,0,'img/18.jpg');
INSERT INTO TT_PARAMS(OBJECT_ID,ATTR_ID,ATTR_ACCESS_TYPE,DATE_VALUE) VALUES(:row_id,36,2,SYSDATE);
INSERT INTO TT_PARAMS(OBJECT_ID,ATTR_ID,ATTR_ACCESS_TYPE,DATE_VALUE) VALUES(:row_id,37,2,SYSDATE);
INSERT INTO TT_PARAMS(OBJECT_ID,ATTR_ID,ATTR_ACCESS_TYPE,VALUE) VALUES(:row_id,38,1,1);
INSERT INTO TT_PARAMS(OBJECT_ID,ATTR_ID,ATTR_ACCESS_TYPE,VALUE) VALUES(:row_id,39,1,1);

exec :row_id := id_seq.nextval;
INSERT INTO TT_OBJECTS(OBJECT_ID, OBJECT_CLASS_ID, OBJECT_TYPE_ID,NAME,DESCRIPTION) VALUES(:row_id,:row_id,4,'Philips SHL3565BK Black','Headphones model');
INSERT INTO TT_PARAMS(OBJECT_ID,ATTR_ID,ATTR_ACCESS_TYPE,VALUE) VALUES(:row_id,18,1,TO_CHAR(id_seq.nextval));
INSERT INTO TT_PARAMS(OBJECT_ID,ATTR_ID,ATTR_ACCESS_TYPE,VALUE) VALUES(:row_id,19,0,'Проводной');
INSERT INTO TT_PARAMS(OBJECT_ID,ATTR_ID,ATTR_ACCESS_TYPE,VALUE) VALUES(:row_id,20,0,'Полноразмерные');
INSERT INTO TT_PARAMS(OBJECT_ID,ATTR_ID,ATTR_ACCESS_TYPE,VALUE) VALUES(:row_id,21,0,'Оголовье');
INSERT INTO TT_PARAMS(OBJECT_ID,ATTR_ID,ATTR_ACCESS_TYPE,VALUE) VALUES(:row_id,22,1,'1.2');
INSERT INTO TT_PARAMS(OBJECT_ID,ATTR_ID,ATTR_ACCESS_TYPE,VALUE) VALUES(:row_id,23,0,'Черные');
INSERT INTO TT_PARAMS(OBJECT_ID,ATTR_ID,ATTR_ACCESS_TYPE,VALUE) VALUES(:row_id,31,1,'1435');
INSERT INTO TT_PARAMS(OBJECT_ID,ATTR_ID,ATTR_ACCESS_TYPE,VALUE) VALUES(:row_id,40,0,'img/19.jpg');
INSERT INTO TT_PARAMS(OBJECT_ID,ATTR_ID,ATTR_ACCESS_TYPE,DATE_VALUE) VALUES(:row_id,36,2,SYSDATE);
INSERT INTO TT_PARAMS(OBJECT_ID,ATTR_ID,ATTR_ACCESS_TYPE,DATE_VALUE) VALUES(:row_id,37,2,SYSDATE);
INSERT INTO TT_PARAMS(OBJECT_ID,ATTR_ID,ATTR_ACCESS_TYPE,VALUE) VALUES(:row_id,38,1,1);
INSERT INTO TT_PARAMS(OBJECT_ID,ATTR_ID,ATTR_ACCESS_TYPE,VALUE) VALUES(:row_id,39,1,1);

exec :row_id := id_seq.nextval;
INSERT INTO TT_OBJECTS(OBJECT_ID, OBJECT_CLASS_ID, OBJECT_TYPE_ID,NAME,DESCRIPTION) VALUES(:row_id,:row_id,4,'Plantronics GameCom X30','Headphones model');
INSERT INTO TT_PARAMS(OBJECT_ID,ATTR_ID,ATTR_ACCESS_TYPE,VALUE) VALUES(:row_id,18,1,TO_CHAR(id_seq.nextval));
INSERT INTO TT_PARAMS(OBJECT_ID,ATTR_ID,ATTR_ACCESS_TYPE,VALUE) VALUES(:row_id,19,0,'Проводной');
INSERT INTO TT_PARAMS(OBJECT_ID,ATTR_ID,ATTR_ACCESS_TYPE,VALUE) VALUES(:row_id,20,0,'Вкладыши');
INSERT INTO TT_PARAMS(OBJECT_ID,ATTR_ID,ATTR_ACCESS_TYPE,VALUE) VALUES(:row_id,21,0,'Заушина');
INSERT INTO TT_PARAMS(OBJECT_ID,ATTR_ID,ATTR_ACCESS_TYPE,VALUE) VALUES(:row_id,22,1,'1');
INSERT INTO TT_PARAMS(OBJECT_ID,ATTR_ID,ATTR_ACCESS_TYPE,VALUE) VALUES(:row_id,23,0,'Белый');
INSERT INTO TT_PARAMS(OBJECT_ID,ATTR_ID,ATTR_ACCESS_TYPE,VALUE) VALUES(:row_id,31,1,'219');
INSERT INTO TT_PARAMS(OBJECT_ID,ATTR_ID,ATTR_ACCESS_TYPE,VALUE) VALUES(:row_id,40,0,'img/20.jpg');
INSERT INTO TT_PARAMS(OBJECT_ID,ATTR_ID,ATTR_ACCESS_TYPE,DATE_VALUE) VALUES(:row_id,36,2,SYSDATE);
INSERT INTO TT_PARAMS(OBJECT_ID,ATTR_ID,ATTR_ACCESS_TYPE,DATE_VALUE) VALUES(:row_id,37,2,SYSDATE);
INSERT INTO TT_PARAMS(OBJECT_ID,ATTR_ID,ATTR_ACCESS_TYPE,VALUE) VALUES(:row_id,38,1,1);
INSERT INTO TT_PARAMS(OBJECT_ID,ATTR_ID,ATTR_ACCESS_TYPE,VALUE) VALUES(:row_id,39,1,1);





exec :row_id := id_seq.nextval;
INSERT INTO TT_OBJECTS(OBJECT_ID, OBJECT_CLASS_ID, OBJECT_TYPE_ID,NAME,DESCRIPTION) VALUES(:row_id,:row_id,5,'Apple Cable Lightning to USB 2.0','USB cabel model');
INSERT INTO TT_PARAMS(OBJECT_ID,ATTR_ID,ATTR_ACCESS_TYPE,VALUE) VALUES(:row_id,18,1,TO_CHAR(id_seq.nextval));
INSERT INTO TT_PARAMS(OBJECT_ID,ATTR_ID,ATTR_ACCESS_TYPE,VALUE) VALUES(:row_id,28,0,'Apple iPhone 5/5s/5c/6/6S, iPad Air/2, iPad mini 1/2/3/4, iPod Touch 5/6');
INSERT INTO TT_PARAMS(OBJECT_ID,ATTR_ID,ATTR_ACCESS_TYPE,VALUE) VALUES(:row_id,31,1,'56');
INSERT INTO TT_PARAMS(OBJECT_ID,ATTR_ID,ATTR_ACCESS_TYPE,VALUE) VALUES(:row_id,40,0,'img/21.jpg');
INSERT INTO TT_PARAMS(OBJECT_ID,ATTR_ID,ATTR_ACCESS_TYPE,DATE_VALUE) VALUES(:row_id,36,2,SYSDATE);
INSERT INTO TT_PARAMS(OBJECT_ID,ATTR_ID,ATTR_ACCESS_TYPE,DATE_VALUE) VALUES(:row_id,37,2,SYSDATE);
INSERT INTO TT_PARAMS(OBJECT_ID,ATTR_ID,ATTR_ACCESS_TYPE,VALUE) VALUES(:row_id,38,1,1);
INSERT INTO TT_PARAMS(OBJECT_ID,ATTR_ID,ATTR_ACCESS_TYPE,VALUE) VALUES(:row_id,39,1,1);

exec :row_id := id_seq.nextval;
INSERT INTO TT_OBJECTS(OBJECT_ID, OBJECT_CLASS_ID, OBJECT_TYPE_ID,NAME,DESCRIPTION) VALUES(:row_id,:row_id,5,'ExtraDigital KBU1665','USB cabel model');
INSERT INTO TT_PARAMS(OBJECT_ID,ATTR_ID,ATTR_ACCESS_TYPE,VALUE) VALUES(:row_id,18,1,TO_CHAR(id_seq.nextval));
INSERT INTO TT_PARAMS(OBJECT_ID,ATTR_ID,ATTR_ACCESS_TYPE,VALUE) VALUES(:row_id,28,0,'Универсальный');
INSERT INTO TT_PARAMS(OBJECT_ID,ATTR_ID,ATTR_ACCESS_TYPE,VALUE) VALUES(:row_id,31,1,'61');
INSERT INTO TT_PARAMS(OBJECT_ID,ATTR_ID,ATTR_ACCESS_TYPE,VALUE) VALUES(:row_id,40,0,'img/22.jpg');
INSERT INTO TT_PARAMS(OBJECT_ID,ATTR_ID,ATTR_ACCESS_TYPE,DATE_VALUE) VALUES(:row_id,36,2,SYSDATE);
INSERT INTO TT_PARAMS(OBJECT_ID,ATTR_ID,ATTR_ACCESS_TYPE,DATE_VALUE) VALUES(:row_id,37,2,SYSDATE);
INSERT INTO TT_PARAMS(OBJECT_ID,ATTR_ID,ATTR_ACCESS_TYPE,VALUE) VALUES(:row_id,38,1,1);
INSERT INTO TT_PARAMS(OBJECT_ID,ATTR_ID,ATTR_ACCESS_TYPE,VALUE) VALUES(:row_id,39,1,1);

exec :row_id := id_seq.nextval;
INSERT INTO TT_OBJECTS(OBJECT_ID, OBJECT_CLASS_ID, OBJECT_TYPE_ID,NAME,DESCRIPTION) VALUES(:row_id,:row_id,5,'Belkin F8J023bt04-WHT','USB cabel model');
INSERT INTO TT_PARAMS(OBJECT_ID,ATTR_ID,ATTR_ACCESS_TYPE,VALUE) VALUES(:row_id,18,1,TO_CHAR(id_seq.nextval));
INSERT INTO TT_PARAMS(OBJECT_ID,ATTR_ID,ATTR_ACCESS_TYPE,VALUE) VALUES(:row_id,28,0,'Apple iPhone 5/5s/5c/6/6S, iPad Air/2, iPad mini 1/2/3/4, iPod Touch 5/6');
INSERT INTO TT_PARAMS(OBJECT_ID,ATTR_ID,ATTR_ACCESS_TYPE,VALUE) VALUES(:row_id,31,1,'172');
INSERT INTO TT_PARAMS(OBJECT_ID,ATTR_ID,ATTR_ACCESS_TYPE,VALUE) VALUES(:row_id,40,0,'img/23.jpg');
INSERT INTO TT_PARAMS(OBJECT_ID,ATTR_ID,ATTR_ACCESS_TYPE,DATE_VALUE) VALUES(:row_id,36,2,SYSDATE);
INSERT INTO TT_PARAMS(OBJECT_ID,ATTR_ID,ATTR_ACCESS_TYPE,DATE_VALUE) VALUES(:row_id,37,2,SYSDATE);
INSERT INTO TT_PARAMS(OBJECT_ID,ATTR_ID,ATTR_ACCESS_TYPE,VALUE) VALUES(:row_id,38,1,1);
INSERT INTO TT_PARAMS(OBJECT_ID,ATTR_ID,ATTR_ACCESS_TYPE,VALUE) VALUES(:row_id,39,1,1);

exec :row_id := id_seq.nextval;
INSERT INTO TT_OBJECTS(OBJECT_ID, OBJECT_CLASS_ID, OBJECT_TYPE_ID,NAME,DESCRIPTION) VALUES(:row_id,:row_id,5,'UGREEN USB Type-C OTG Black','USB cabel model');
INSERT INTO TT_PARAMS(OBJECT_ID,ATTR_ID,ATTR_ACCESS_TYPE,VALUE) VALUES(:row_id,18,1,TO_CHAR(id_seq.nextval));
INSERT INTO TT_PARAMS(OBJECT_ID,ATTR_ID,ATTR_ACCESS_TYPE,VALUE) VALUES(:row_id,28,0,'Переходник OTG-Type-C');
INSERT INTO TT_PARAMS(OBJECT_ID,ATTR_ID,ATTR_ACCESS_TYPE,VALUE) VALUES(:row_id,31,1,'290');
INSERT INTO TT_PARAMS(OBJECT_ID,ATTR_ID,ATTR_ACCESS_TYPE,VALUE) VALUES(:row_id,40,0,'img/25.jpg');
INSERT INTO TT_PARAMS(OBJECT_ID,ATTR_ID,ATTR_ACCESS_TYPE,DATE_VALUE) VALUES(:row_id,36,2,SYSDATE);
INSERT INTO TT_PARAMS(OBJECT_ID,ATTR_ID,ATTR_ACCESS_TYPE,DATE_VALUE) VALUES(:row_id,37,2,SYSDATE);
INSERT INTO TT_PARAMS(OBJECT_ID,ATTR_ID,ATTR_ACCESS_TYPE,VALUE) VALUES(:row_id,38,1,1);
INSERT INTO TT_PARAMS(OBJECT_ID,ATTR_ID,ATTR_ACCESS_TYPE,VALUE) VALUES(:row_id,39,1,1);

exec :row_id := id_seq.nextval;
INSERT INTO TT_OBJECTS(OBJECT_ID, OBJECT_CLASS_ID, OBJECT_TYPE_ID,NAME,DESCRIPTION) VALUES(:row_id,:row_id,5,'Belkin F8J023bt04-BLK','USB cabel model');
INSERT INTO TT_PARAMS(OBJECT_ID,ATTR_ID,ATTR_ACCESS_TYPE,VALUE) VALUES(:row_id,18,1,TO_CHAR(id_seq.nextval));
INSERT INTO TT_PARAMS(OBJECT_ID,ATTR_ID,ATTR_ACCESS_TYPE,VALUE) VALUES(:row_id,28,0,'Apple iPhone 5/5s/5c/6/6S, iPad Air/2, iPad mini 1/2/3/4, iPod Touch 5/6');
INSERT INTO TT_PARAMS(OBJECT_ID,ATTR_ID,ATTR_ACCESS_TYPE,VALUE) VALUES(:row_id,31,1,'172');
INSERT INTO TT_PARAMS(OBJECT_ID,ATTR_ID,ATTR_ACCESS_TYPE,VALUE) VALUES(:row_id,40,0,'img/24.jpg');
INSERT INTO TT_PARAMS(OBJECT_ID,ATTR_ID,ATTR_ACCESS_TYPE,DATE_VALUE) VALUES(:row_id,36,2,SYSDATE);
INSERT INTO TT_PARAMS(OBJECT_ID,ATTR_ID,ATTR_ACCESS_TYPE,DATE_VALUE) VALUES(:row_id,37,2,SYSDATE);
INSERT INTO TT_PARAMS(OBJECT_ID,ATTR_ID,ATTR_ACCESS_TYPE,VALUE) VALUES(:row_id,38,1,1);
INSERT INTO TT_PARAMS(OBJECT_ID,ATTR_ID,ATTR_ACCESS_TYPE,VALUE) VALUES(:row_id,39,1,1);

exec :row_id := id_seq.nextval;
INSERT INTO TT_OBJECTS(OBJECT_ID, OBJECT_CLASS_ID, OBJECT_TYPE_ID,NAME,DESCRIPTION) VALUES(:row_id,:row_id,5,'Maxxter U-AMM-0.3M','USB cabel model');
INSERT INTO TT_PARAMS(OBJECT_ID,ATTR_ID,ATTR_ACCESS_TYPE,VALUE) VALUES(:row_id,18,1,TO_CHAR(id_seq.nextval));
INSERT INTO TT_PARAMS(OBJECT_ID,ATTR_ID,ATTR_ACCESS_TYPE,VALUE) VALUES(:row_id,28,0,'Универсальный');
INSERT INTO TT_PARAMS(OBJECT_ID,ATTR_ID,ATTR_ACCESS_TYPE,VALUE) VALUES(:row_id,31,1,'20');
INSERT INTO TT_PARAMS(OBJECT_ID,ATTR_ID,ATTR_ACCESS_TYPE,VALUE) VALUES(:row_id,40,0,'img/26.jpg');
INSERT INTO TT_PARAMS(OBJECT_ID,ATTR_ID,ATTR_ACCESS_TYPE,DATE_VALUE) VALUES(:row_id,36,2,SYSDATE);
INSERT INTO TT_PARAMS(OBJECT_ID,ATTR_ID,ATTR_ACCESS_TYPE,DATE_VALUE) VALUES(:row_id,37,2,SYSDATE);
INSERT INTO TT_PARAMS(OBJECT_ID,ATTR_ID,ATTR_ACCESS_TYPE,VALUE) VALUES(:row_id,38,1,1);
INSERT INTO TT_PARAMS(OBJECT_ID,ATTR_ID,ATTR_ACCESS_TYPE,VALUE) VALUES(:row_id,39,1,1);

exec :row_id := id_seq.nextval;
INSERT INTO TT_OBJECTS(OBJECT_ID, OBJECT_CLASS_ID, OBJECT_TYPE_ID,NAME,DESCRIPTION) VALUES(:row_id,:row_id,5,'JUST Freedom Micro USB Cable Green','USB cabel model');
INSERT INTO TT_PARAMS(OBJECT_ID,ATTR_ID,ATTR_ACCESS_TYPE,VALUE) VALUES(:row_id,18,1,TO_CHAR(id_seq.nextval));
INSERT INTO TT_PARAMS(OBJECT_ID,ATTR_ID,ATTR_ACCESS_TYPE,VALUE) VALUES(:row_id,28,0,'Универсальный');
INSERT INTO TT_PARAMS(OBJECT_ID,ATTR_ID,ATTR_ACCESS_TYPE,VALUE) VALUES(:row_id,31,1,'95');
INSERT INTO TT_PARAMS(OBJECT_ID,ATTR_ID,ATTR_ACCESS_TYPE,VALUE) VALUES(:row_id,40,0,'img/27.jpg');
INSERT INTO TT_PARAMS(OBJECT_ID,ATTR_ID,ATTR_ACCESS_TYPE,DATE_VALUE) VALUES(:row_id,36,2,SYSDATE);
INSERT INTO TT_PARAMS(OBJECT_ID,ATTR_ID,ATTR_ACCESS_TYPE,DATE_VALUE) VALUES(:row_id,37,2,SYSDATE);
INSERT INTO TT_PARAMS(OBJECT_ID,ATTR_ID,ATTR_ACCESS_TYPE,VALUE) VALUES(:row_id,38,1,1);
INSERT INTO TT_PARAMS(OBJECT_ID,ATTR_ID,ATTR_ACCESS_TYPE,VALUE) VALUES(:row_id,39,1,1);

exec :row_id := id_seq.nextval;
INSERT INTO TT_OBJECTS(OBJECT_ID, OBJECT_CLASS_ID, OBJECT_TYPE_ID,NAME,DESCRIPTION) VALUES(:row_id,:row_id,5,'Macally UC3UA3-W','USB cabel model');
INSERT INTO TT_PARAMS(OBJECT_ID,ATTR_ID,ATTR_ACCESS_TYPE,VALUE) VALUES(:row_id,18,1,TO_CHAR(id_seq.nextval));
INSERT INTO TT_PARAMS(OBJECT_ID,ATTR_ID,ATTR_ACCESS_TYPE,VALUE) VALUES(:row_id,28,0,'Кабель USB Type-C, универсальный');
INSERT INTO TT_PARAMS(OBJECT_ID,ATTR_ID,ATTR_ACCESS_TYPE,VALUE) VALUES(:row_id,31,1,'364');
INSERT INTO TT_PARAMS(OBJECT_ID,ATTR_ID,ATTR_ACCESS_TYPE,VALUE) VALUES(:row_id,40,0,'img/28.jpg');
INSERT INTO TT_PARAMS(OBJECT_ID,ATTR_ID,ATTR_ACCESS_TYPE,DATE_VALUE) VALUES(:row_id,36,2,SYSDATE);
INSERT INTO TT_PARAMS(OBJECT_ID,ATTR_ID,ATTR_ACCESS_TYPE,DATE_VALUE) VALUES(:row_id,37,2,SYSDATE);
INSERT INTO TT_PARAMS(OBJECT_ID,ATTR_ID,ATTR_ACCESS_TYPE,VALUE) VALUES(:row_id,38,1,1);
INSERT INTO TT_PARAMS(OBJECT_ID,ATTR_ID,ATTR_ACCESS_TYPE,VALUE) VALUES(:row_id,39,1,1);

exec :row_id := id_seq.nextval;
INSERT INTO TT_OBJECTS(OBJECT_ID, OBJECT_CLASS_ID, OBJECT_TYPE_ID,NAME,DESCRIPTION) VALUES(:row_id,:row_id,5,'HTC DC M410','USB cabel model');
INSERT INTO TT_PARAMS(OBJECT_ID,ATTR_ID,ATTR_ACCESS_TYPE,VALUE) VALUES(:row_id,18,1,TO_CHAR(id_seq.nextval));
INSERT INTO TT_PARAMS(OBJECT_ID,ATTR_ID,ATTR_ACCESS_TYPE,VALUE) VALUES(:row_id,28,0,'для телефонов с microUSB');
INSERT INTO TT_PARAMS(OBJECT_ID,ATTR_ID,ATTR_ACCESS_TYPE,VALUE) VALUES(:row_id,31,1,'69');
INSERT INTO TT_PARAMS(OBJECT_ID,ATTR_ID,ATTR_ACCESS_TYPE,VALUE) VALUES(:row_id,40,0,'img/29.jpg');
INSERT INTO TT_PARAMS(OBJECT_ID,ATTR_ID,ATTR_ACCESS_TYPE,DATE_VALUE) VALUES(:row_id,36,2,SYSDATE);
INSERT INTO TT_PARAMS(OBJECT_ID,ATTR_ID,ATTR_ACCESS_TYPE,DATE_VALUE) VALUES(:row_id,37,2,SYSDATE);
INSERT INTO TT_PARAMS(OBJECT_ID,ATTR_ID,ATTR_ACCESS_TYPE,VALUE) VALUES(:row_id,38,1,1);
INSERT INTO TT_PARAMS(OBJECT_ID,ATTR_ID,ATTR_ACCESS_TYPE,VALUE) VALUES(:row_id,39,1,1);

exec :row_id := id_seq.nextval;
INSERT INTO TT_OBJECTS(OBJECT_ID, OBJECT_CLASS_ID, OBJECT_TYPE_ID,NAME,DESCRIPTION) VALUES(:row_id,:row_id,5,'Cablexpert A-OTG-AFBM-001','USB cabel model');
INSERT INTO TT_PARAMS(OBJECT_ID,ATTR_ID,ATTR_ACCESS_TYPE,VALUE) VALUES(:row_id,18,1,TO_CHAR(id_seq.nextval));
INSERT INTO TT_PARAMS(OBJECT_ID,ATTR_ID,ATTR_ACCESS_TYPE,VALUE) VALUES(:row_id,28,0,'Унивеpсальный');
INSERT INTO TT_PARAMS(OBJECT_ID,ATTR_ID,ATTR_ACCESS_TYPE,VALUE) VALUES(:row_id,31,1,'21');
INSERT INTO TT_PARAMS(OBJECT_ID,ATTR_ID,ATTR_ACCESS_TYPE,VALUE) VALUES(:row_id,40,0,'img/30.jpg');
INSERT INTO TT_PARAMS(OBJECT_ID,ATTR_ID,ATTR_ACCESS_TYPE,DATE_VALUE) VALUES(:row_id,36,2,SYSDATE);
INSERT INTO TT_PARAMS(OBJECT_ID,ATTR_ID,ATTR_ACCESS_TYPE,DATE_VALUE) VALUES(:row_id,37,2,SYSDATE);
INSERT INTO TT_PARAMS(OBJECT_ID,ATTR_ID,ATTR_ACCESS_TYPE,VALUE) VALUES(:row_id,38,1,1);
INSERT INTO TT_PARAMS(OBJECT_ID,ATTR_ID,ATTR_ACCESS_TYPE,VALUE) VALUES(:row_id,39,1,1);





exec :row_id := id_seq.nextval;
INSERT INTO TT_OBJECTS(OBJECT_ID, OBJECT_CLASS_ID, OBJECT_TYPE_ID,NAME,DESCRIPTION) VALUES(:row_id,:row_id,6,'Xiaomi Car Charger (Silver)','Charger model');
INSERT INTO TT_PARAMS(OBJECT_ID,ATTR_ID,ATTR_ACCESS_TYPE,VALUE) VALUES(:row_id,18,1,TO_CHAR(id_seq.nextval));
INSERT INTO TT_PARAMS(OBJECT_ID,ATTR_ID,ATTR_ACCESS_TYPE,VALUE) VALUES(:row_id,28,0,'Универсальный');
INSERT INTO TT_PARAMS(OBJECT_ID,ATTR_ID,ATTR_ACCESS_TYPE,VALUE) VALUES(:row_id,24,0,'2.4A х 2 (MAX:3.6A)');
INSERT INTO TT_PARAMS(OBJECT_ID,ATTR_ID,ATTR_ACCESS_TYPE,VALUE) VALUES(:row_id,25,0,'5B');
INSERT INTO TT_PARAMS(OBJECT_ID,ATTR_ID,ATTR_ACCESS_TYPE,VALUE) VALUES(:row_id,31,1,'176');
INSERT INTO TT_PARAMS(OBJECT_ID,ATTR_ID,ATTR_ACCESS_TYPE,VALUE) VALUES(:row_id,40,0,'img/31.jpg');
INSERT INTO TT_PARAMS(OBJECT_ID,ATTR_ID,ATTR_ACCESS_TYPE,DATE_VALUE) VALUES(:row_id,36,2,SYSDATE);
INSERT INTO TT_PARAMS(OBJECT_ID,ATTR_ID,ATTR_ACCESS_TYPE,DATE_VALUE) VALUES(:row_id,37,2,SYSDATE);
INSERT INTO TT_PARAMS(OBJECT_ID,ATTR_ID,ATTR_ACCESS_TYPE,VALUE) VALUES(:row_id,38,1,1);
INSERT INTO TT_PARAMS(OBJECT_ID,ATTR_ID,ATTR_ACCESS_TYPE,VALUE) VALUES(:row_id,39,1,1);

exec :row_id := id_seq.nextval;
INSERT INTO TT_OBJECTS(OBJECT_ID, OBJECT_CLASS_ID, OBJECT_TYPE_ID,NAME,DESCRIPTION) VALUES(:row_id,:row_id,6,'Apple MD836','Charger model');
INSERT INTO TT_PARAMS(OBJECT_ID,ATTR_ID,ATTR_ACCESS_TYPE,VALUE) VALUES(:row_id,18,1,TO_CHAR(id_seq.nextval));
INSERT INTO TT_PARAMS(OBJECT_ID,ATTR_ID,ATTR_ACCESS_TYPE,VALUE) VALUES(:row_id,28,0,'iPad/ iPhone/ iPod');
INSERT INTO TT_PARAMS(OBJECT_ID,ATTR_ID,ATTR_ACCESS_TYPE,VALUE) VALUES(:row_id,24,0,'2.4A х 2 (MAX:3.6A)');
INSERT INTO TT_PARAMS(OBJECT_ID,ATTR_ID,ATTR_ACCESS_TYPE,VALUE) VALUES(:row_id,25,0,'5B');
INSERT INTO TT_PARAMS(OBJECT_ID,ATTR_ID,ATTR_ACCESS_TYPE,VALUE) VALUES(:row_id,31,1,'284');
INSERT INTO TT_PARAMS(OBJECT_ID,ATTR_ID,ATTR_ACCESS_TYPE,VALUE) VALUES(:row_id,40,0,'img/32.jpg');
INSERT INTO TT_PARAMS(OBJECT_ID,ATTR_ID,ATTR_ACCESS_TYPE,DATE_VALUE) VALUES(:row_id,36,2,SYSDATE);
INSERT INTO TT_PARAMS(OBJECT_ID,ATTR_ID,ATTR_ACCESS_TYPE,DATE_VALUE) VALUES(:row_id,37,2,SYSDATE);
INSERT INTO TT_PARAMS(OBJECT_ID,ATTR_ID,ATTR_ACCESS_TYPE,VALUE) VALUES(:row_id,38,1,1);
INSERT INTO TT_PARAMS(OBJECT_ID,ATTR_ID,ATTR_ACCESS_TYPE,VALUE) VALUES(:row_id,39,1,1);

exec :row_id := id_seq.nextval;
INSERT INTO TT_OBJECTS(OBJECT_ID, OBJECT_CLASS_ID, OBJECT_TYPE_ID,NAME,DESCRIPTION) VALUES(:row_id,:row_id,6,'Samsung EP-PG920IBRGRU','Charger model');
INSERT INTO TT_PARAMS(OBJECT_ID,ATTR_ID,ATTR_ACCESS_TYPE,VALUE) VALUES(:row_id,18,1,TO_CHAR(id_seq.nextval));
INSERT INTO TT_PARAMS(OBJECT_ID,ATTR_ID,ATTR_ACCESS_TYPE,VALUE) VALUES(:row_id,28,0,'Samsung Galaxy S6, Samsung Galaxy S6 Edge');
INSERT INTO TT_PARAMS(OBJECT_ID,ATTR_ID,ATTR_ACCESS_TYPE,VALUE) VALUES(:row_id,24,0,'1A');
INSERT INTO TT_PARAMS(OBJECT_ID,ATTR_ID,ATTR_ACCESS_TYPE,VALUE) VALUES(:row_id,25,0,'5B');
INSERT INTO TT_PARAMS(OBJECT_ID,ATTR_ID,ATTR_ACCESS_TYPE,VALUE) VALUES(:row_id,31,1,'450');
INSERT INTO TT_PARAMS(OBJECT_ID,ATTR_ID,ATTR_ACCESS_TYPE,VALUE) VALUES(:row_id,40,0,'img/33.jpg');
INSERT INTO TT_PARAMS(OBJECT_ID,ATTR_ID,ATTR_ACCESS_TYPE,DATE_VALUE) VALUES(:row_id,36,2,SYSDATE);
INSERT INTO TT_PARAMS(OBJECT_ID,ATTR_ID,ATTR_ACCESS_TYPE,DATE_VALUE) VALUES(:row_id,37,2,SYSDATE);
INSERT INTO TT_PARAMS(OBJECT_ID,ATTR_ID,ATTR_ACCESS_TYPE,VALUE) VALUES(:row_id,38,1,1);
INSERT INTO TT_PARAMS(OBJECT_ID,ATTR_ID,ATTR_ACCESS_TYPE,VALUE) VALUES(:row_id,39,1,1);

exec :row_id := id_seq.nextval;
INSERT INTO TT_OBJECTS(OBJECT_ID, OBJECT_CLASS_ID, OBJECT_TYPE_ID,NAME,DESCRIPTION) VALUES(:row_id,:row_id,6,'HTC TC-E250','Charger model');
INSERT INTO TT_PARAMS(OBJECT_ID,ATTR_ID,ATTR_ACCESS_TYPE,VALUE) VALUES(:row_id,18,1,TO_CHAR(id_seq.nextval));
INSERT INTO TT_PARAMS(OBJECT_ID,ATTR_ID,ATTR_ACCESS_TYPE,VALUE) VALUES(:row_id,28,0,'Все устройства HTC с разъемом microUSB');
INSERT INTO TT_PARAMS(OBJECT_ID,ATTR_ID,ATTR_ACCESS_TYPE,VALUE) VALUES(:row_id,24,0,'1A');
INSERT INTO TT_PARAMS(OBJECT_ID,ATTR_ID,ATTR_ACCESS_TYPE,VALUE) VALUES(:row_id,25,0,'5B');
INSERT INTO TT_PARAMS(OBJECT_ID,ATTR_ID,ATTR_ACCESS_TYPE,VALUE) VALUES(:row_id,31,1,'80');
INSERT INTO TT_PARAMS(OBJECT_ID,ATTR_ID,ATTR_ACCESS_TYPE,VALUE) VALUES(:row_id,40,0,'img/34.jpg');
INSERT INTO TT_PARAMS(OBJECT_ID,ATTR_ID,ATTR_ACCESS_TYPE,DATE_VALUE) VALUES(:row_id,36,2,SYSDATE);
INSERT INTO TT_PARAMS(OBJECT_ID,ATTR_ID,ATTR_ACCESS_TYPE,DATE_VALUE) VALUES(:row_id,37,2,SYSDATE);
INSERT INTO TT_PARAMS(OBJECT_ID,ATTR_ID,ATTR_ACCESS_TYPE,VALUE) VALUES(:row_id,38,1,1);
INSERT INTO TT_PARAMS(OBJECT_ID,ATTR_ID,ATTR_ACCESS_TYPE,VALUE) VALUES(:row_id,39,1,1);

exec :row_id := id_seq.nextval;
INSERT INTO TT_OBJECTS(OBJECT_ID, OBJECT_CLASS_ID, OBJECT_TYPE_ID,NAME,DESCRIPTION) VALUES(:row_id,:row_id,6,'Belkin F8J071bt04BLK','Charger model');
INSERT INTO TT_PARAMS(OBJECT_ID,ATTR_ID,ATTR_ACCESS_TYPE,VALUE) VALUES(:row_id,18,1,TO_CHAR(id_seq.nextval));
INSERT INTO TT_PARAMS(OBJECT_ID,ATTR_ID,ATTR_ACCESS_TYPE,VALUE) VALUES(:row_id,28,0,'Apple iPad mini/iPad 4/iPhone5/iPod nano (7G)/iPod touch (5G)');
INSERT INTO TT_PARAMS(OBJECT_ID,ATTR_ID,ATTR_ACCESS_TYPE,VALUE) VALUES(:row_id,24,0,'2.1A');
INSERT INTO TT_PARAMS(OBJECT_ID,ATTR_ID,ATTR_ACCESS_TYPE,VALUE) VALUES(:row_id,25,0,'10B');
INSERT INTO TT_PARAMS(OBJECT_ID,ATTR_ID,ATTR_ACCESS_TYPE,VALUE) VALUES(:row_id,31,1,'284');
INSERT INTO TT_PARAMS(OBJECT_ID,ATTR_ID,ATTR_ACCESS_TYPE,VALUE) VALUES(:row_id,40,0,'img/35.jpg');
INSERT INTO TT_PARAMS(OBJECT_ID,ATTR_ID,ATTR_ACCESS_TYPE,DATE_VALUE) VALUES(:row_id,36,2,SYSDATE);
INSERT INTO TT_PARAMS(OBJECT_ID,ATTR_ID,ATTR_ACCESS_TYPE,DATE_VALUE) VALUES(:row_id,37,2,SYSDATE);
INSERT INTO TT_PARAMS(OBJECT_ID,ATTR_ID,ATTR_ACCESS_TYPE,VALUE) VALUES(:row_id,38,1,1);
INSERT INTO TT_PARAMS(OBJECT_ID,ATTR_ID,ATTR_ACCESS_TYPE,VALUE) VALUES(:row_id,39,1,1);

exec :row_id := id_seq.nextval;
INSERT INTO TT_OBJECTS(OBJECT_ID, OBJECT_CLASS_ID, OBJECT_TYPE_ID,NAME,DESCRIPTION) VALUES(:row_id,:row_id,6,'Belkin F8J052cwBLK','Charger model');
INSERT INTO TT_PARAMS(OBJECT_ID,ATTR_ID,ATTR_ACCESS_TYPE,VALUE) VALUES(:row_id,18,1,TO_CHAR(id_seq.nextval));
INSERT INTO TT_PARAMS(OBJECT_ID,ATTR_ID,ATTR_ACCESS_TYPE,VALUE) VALUES(:row_id,28,0,'Универсальное');
INSERT INTO TT_PARAMS(OBJECT_ID,ATTR_ID,ATTR_ACCESS_TYPE,VALUE) VALUES(:row_id,24,0,'2.1A');
INSERT INTO TT_PARAMS(OBJECT_ID,ATTR_ID,ATTR_ACCESS_TYPE,VALUE) VALUES(:row_id,25,0,'5B');
INSERT INTO TT_PARAMS(OBJECT_ID,ATTR_ID,ATTR_ACCESS_TYPE,VALUE) VALUES(:row_id,31,1,'299');
INSERT INTO TT_PARAMS(OBJECT_ID,ATTR_ID,ATTR_ACCESS_TYPE,VALUE) VALUES(:row_id,40,0,'img/36.jpg');
INSERT INTO TT_PARAMS(OBJECT_ID,ATTR_ID,ATTR_ACCESS_TYPE,DATE_VALUE) VALUES(:row_id,36,2,SYSDATE);
INSERT INTO TT_PARAMS(OBJECT_ID,ATTR_ID,ATTR_ACCESS_TYPE,DATE_VALUE) VALUES(:row_id,37,2,SYSDATE);
INSERT INTO TT_PARAMS(OBJECT_ID,ATTR_ID,ATTR_ACCESS_TYPE,VALUE) VALUES(:row_id,38,1,1);
INSERT INTO TT_PARAMS(OBJECT_ID,ATTR_ID,ATTR_ACCESS_TYPE,VALUE) VALUES(:row_id,39,1,1);

exec :row_id := id_seq.nextval;
INSERT INTO TT_OBJECTS(OBJECT_ID, OBJECT_CLASS_ID, OBJECT_TYPE_ID,NAME,DESCRIPTION) VALUES(:row_id,:row_id,6,'Apple MB707','Charger model');
INSERT INTO TT_PARAMS(OBJECT_ID,ATTR_ID,ATTR_ACCESS_TYPE,VALUE) VALUES(:row_id,18,1,TO_CHAR(id_seq.nextval));
INSERT INTO TT_PARAMS(OBJECT_ID,ATTR_ID,ATTR_ACCESS_TYPE,VALUE) VALUES(:row_id,28,0,'Все современные модели iPod и iPhone');
INSERT INTO TT_PARAMS(OBJECT_ID,ATTR_ID,ATTR_ACCESS_TYPE,VALUE) VALUES(:row_id,24,0,'1A');
INSERT INTO TT_PARAMS(OBJECT_ID,ATTR_ID,ATTR_ACCESS_TYPE,VALUE) VALUES(:row_id,25,0,'5B');
INSERT INTO TT_PARAMS(OBJECT_ID,ATTR_ID,ATTR_ACCESS_TYPE,VALUE) VALUES(:row_id,31,1,'87');
INSERT INTO TT_PARAMS(OBJECT_ID,ATTR_ID,ATTR_ACCESS_TYPE,VALUE) VALUES(:row_id,40,0,'img/37.jpg');
INSERT INTO TT_PARAMS(OBJECT_ID,ATTR_ID,ATTR_ACCESS_TYPE,DATE_VALUE) VALUES(:row_id,36,2,SYSDATE);
INSERT INTO TT_PARAMS(OBJECT_ID,ATTR_ID,ATTR_ACCESS_TYPE,DATE_VALUE) VALUES(:row_id,37,2,SYSDATE);
INSERT INTO TT_PARAMS(OBJECT_ID,ATTR_ID,ATTR_ACCESS_TYPE,VALUE) VALUES(:row_id,38,1,1);
INSERT INTO TT_PARAMS(OBJECT_ID,ATTR_ID,ATTR_ACCESS_TYPE,VALUE) VALUES(:row_id,39,1,1);

exec :row_id := id_seq.nextval;
INSERT INTO TT_OBJECTS(OBJECT_ID, OBJECT_CLASS_ID, OBJECT_TYPE_ID,NAME,DESCRIPTION) VALUES(:row_id,:row_id,6,'Philips DLP2307U/12','Charger model');
INSERT INTO TT_PARAMS(OBJECT_ID,ATTR_ID,ATTR_ACCESS_TYPE,VALUE) VALUES(:row_id,18,1,TO_CHAR(id_seq.nextval));
INSERT INTO TT_PARAMS(OBJECT_ID,ATTR_ID,ATTR_ACCESS_TYPE,VALUE) VALUES(:row_id,28,0,'Универсальное');
INSERT INTO TT_PARAMS(OBJECT_ID,ATTR_ID,ATTR_ACCESS_TYPE,VALUE) VALUES(:row_id,24,0,'2.1A');
INSERT INTO TT_PARAMS(OBJECT_ID,ATTR_ID,ATTR_ACCESS_TYPE,VALUE) VALUES(:row_id,25,0,'5B');
INSERT INTO TT_PARAMS(OBJECT_ID,ATTR_ID,ATTR_ACCESS_TYPE,VALUE) VALUES(:row_id,31,1,'498');
INSERT INTO TT_PARAMS(OBJECT_ID,ATTR_ID,ATTR_ACCESS_TYPE,VALUE) VALUES(:row_id,40,0,'img/38.jpg');
INSERT INTO TT_PARAMS(OBJECT_ID,ATTR_ID,ATTR_ACCESS_TYPE,DATE_VALUE) VALUES(:row_id,36,2,SYSDATE);
INSERT INTO TT_PARAMS(OBJECT_ID,ATTR_ID,ATTR_ACCESS_TYPE,DATE_VALUE) VALUES(:row_id,37,2,SYSDATE);
INSERT INTO TT_PARAMS(OBJECT_ID,ATTR_ID,ATTR_ACCESS_TYPE,VALUE) VALUES(:row_id,38,1,1);
INSERT INTO TT_PARAMS(OBJECT_ID,ATTR_ID,ATTR_ACCESS_TYPE,VALUE) VALUES(:row_id,39,1,1);

exec :row_id := id_seq.nextval;
INSERT INTO TT_OBJECTS(OBJECT_ID, OBJECT_CLASS_ID, OBJECT_TYPE_ID,NAME,DESCRIPTION) VALUES(:row_id,:row_id,6,'Xiaomi Phone Charger','Charger model');
INSERT INTO TT_PARAMS(OBJECT_ID,ATTR_ID,ATTR_ACCESS_TYPE,VALUE) VALUES(:row_id,18,1,TO_CHAR(id_seq.nextval));
INSERT INTO TT_PARAMS(OBJECT_ID,ATTR_ID,ATTR_ACCESS_TYPE,VALUE) VALUES(:row_id,28,0,'Универсальное');
INSERT INTO TT_PARAMS(OBJECT_ID,ATTR_ID,ATTR_ACCESS_TYPE,VALUE) VALUES(:row_id,24,0,'1A');
INSERT INTO TT_PARAMS(OBJECT_ID,ATTR_ID,ATTR_ACCESS_TYPE,VALUE) VALUES(:row_id,25,0,'5B');
INSERT INTO TT_PARAMS(OBJECT_ID,ATTR_ID,ATTR_ACCESS_TYPE,VALUE) VALUES(:row_id,31,1,'139');
INSERT INTO TT_PARAMS(OBJECT_ID,ATTR_ID,ATTR_ACCESS_TYPE,VALUE) VALUES(:row_id,40,0,'img/39.jpg');
INSERT INTO TT_PARAMS(OBJECT_ID,ATTR_ID,ATTR_ACCESS_TYPE,DATE_VALUE) VALUES(:row_id,36,2,SYSDATE);
INSERT INTO TT_PARAMS(OBJECT_ID,ATTR_ID,ATTR_ACCESS_TYPE,DATE_VALUE) VALUES(:row_id,37,2,SYSDATE);
INSERT INTO TT_PARAMS(OBJECT_ID,ATTR_ID,ATTR_ACCESS_TYPE,VALUE) VALUES(:row_id,38,1,1);
INSERT INTO TT_PARAMS(OBJECT_ID,ATTR_ID,ATTR_ACCESS_TYPE,VALUE) VALUES(:row_id,39,1,1);

exec :row_id := id_seq.nextval;
INSERT INTO TT_OBJECTS(OBJECT_ID, OBJECT_CLASS_ID, OBJECT_TYPE_ID,NAME,DESCRIPTION) VALUES(:row_id,:row_id,6,'Maxxtro UC-21A','Charger model');
INSERT INTO TT_PARAMS(OBJECT_ID,ATTR_ID,ATTR_ACCESS_TYPE,VALUE) VALUES(:row_id,18,1,TO_CHAR(id_seq.nextval));
INSERT INTO TT_PARAMS(OBJECT_ID,ATTR_ID,ATTR_ACCESS_TYPE,VALUE) VALUES(:row_id,28,0,'Универсальное');
INSERT INTO TT_PARAMS(OBJECT_ID,ATTR_ID,ATTR_ACCESS_TYPE,VALUE) VALUES(:row_id,24,0,'1A');
INSERT INTO TT_PARAMS(OBJECT_ID,ATTR_ID,ATTR_ACCESS_TYPE,VALUE) VALUES(:row_id,25,0,'5B');
INSERT INTO TT_PARAMS(OBJECT_ID,ATTR_ID,ATTR_ACCESS_TYPE,VALUE) VALUES(:row_id,31,1,'53');
INSERT INTO TT_PARAMS(OBJECT_ID,ATTR_ID,ATTR_ACCESS_TYPE,VALUE) VALUES(:row_id,40,0,'img/40.jpg');
INSERT INTO TT_PARAMS(OBJECT_ID,ATTR_ID,ATTR_ACCESS_TYPE,DATE_VALUE) VALUES(:row_id,36,2,SYSDATE);
INSERT INTO TT_PARAMS(OBJECT_ID,ATTR_ID,ATTR_ACCESS_TYPE,DATE_VALUE) VALUES(:row_id,37,2,SYSDATE);
INSERT INTO TT_PARAMS(OBJECT_ID,ATTR_ID,ATTR_ACCESS_TYPE,VALUE) VALUES(:row_id,38,1,1);
INSERT INTO TT_PARAMS(OBJECT_ID,ATTR_ID,ATTR_ACCESS_TYPE,VALUE) VALUES(:row_id,39,1,1);





exec :row_id := id_seq.nextval;
INSERT INTO TT_OBJECTS(OBJECT_ID, OBJECT_CLASS_ID, OBJECT_TYPE_ID,NAME,DESCRIPTION) VALUES(:row_id,:row_id,7,'Samsung EB-L1G6LLU','Battery model');
INSERT INTO TT_PARAMS(OBJECT_ID,ATTR_ID,ATTR_ACCESS_TYPE,VALUE) VALUES(:row_id,26,1,TO_CHAR(id_seq.nextval));
INSERT INTO TT_PARAMS(OBJECT_ID,ATTR_ID,ATTR_ACCESS_TYPE,VALUE) VALUES(:row_id,30,0,'Аккумулятор для мобильного телефона');
INSERT INTO TT_PARAMS(OBJECT_ID,ATTR_ID,ATTR_ACCESS_TYPE,VALUE) VALUES(:row_id,27,0,'Li-ion');
INSERT INTO TT_PARAMS(OBJECT_ID,ATTR_ID,ATTR_ACCESS_TYPE,VALUE) VALUES(:row_id,28,0,'Samsung i9080 Galaxy Grand, i9082 Galaxy Grand, i9300 Galaxy S3');
INSERT INTO TT_PARAMS(OBJECT_ID,ATTR_ID,ATTR_ACCESS_TYPE,VALUE) VALUES(:row_id,29,1,'2100');
INSERT INTO TT_PARAMS(OBJECT_ID,ATTR_ID,ATTR_ACCESS_TYPE,VALUE) VALUES(:row_id,31,1,'83');
INSERT INTO TT_PARAMS(OBJECT_ID,ATTR_ID,ATTR_ACCESS_TYPE,VALUE) VALUES(:row_id,40,0,'img/41.jpg');
INSERT INTO TT_PARAMS(OBJECT_ID,ATTR_ID,ATTR_ACCESS_TYPE,DATE_VALUE) VALUES(:row_id,36,2,SYSDATE);
INSERT INTO TT_PARAMS(OBJECT_ID,ATTR_ID,ATTR_ACCESS_TYPE,DATE_VALUE) VALUES(:row_id,37,2,SYSDATE);
INSERT INTO TT_PARAMS(OBJECT_ID,ATTR_ID,ATTR_ACCESS_TYPE,VALUE) VALUES(:row_id,38,1,1);
INSERT INTO TT_PARAMS(OBJECT_ID,ATTR_ID,ATTR_ACCESS_TYPE,VALUE) VALUES(:row_id,39,1,1);

exec :row_id := id_seq.nextval;
INSERT INTO TT_OBJECTS(OBJECT_ID, OBJECT_CLASS_ID, OBJECT_TYPE_ID,NAME,DESCRIPTION) VALUES(:row_id,:row_id,7,'Nokia BL-5C','Battery model');
INSERT INTO TT_PARAMS(OBJECT_ID,ATTR_ID,ATTR_ACCESS_TYPE,VALUE) VALUES(:row_id,26,1,TO_CHAR(id_seq.nextval));
INSERT INTO TT_PARAMS(OBJECT_ID,ATTR_ID,ATTR_ACCESS_TYPE,VALUE) VALUES(:row_id,30,0,'Аккумулятор для мобильного телефона');
INSERT INTO TT_PARAMS(OBJECT_ID,ATTR_ID,ATTR_ACCESS_TYPE,VALUE) VALUES(:row_id,27,0,'Li-ion');
INSERT INTO TT_PARAMS(OBJECT_ID,ATTR_ID,ATTR_ACCESS_TYPE,VALUE) VALUES(:row_id,28,0,'Nokia 1112, 1200, 1208, 1209, 1600, 1650, 1680 classic, 2330 classic, 2610, 2626, 2700 classic, 3109 classc, 3110 classic, 3610 fold, 5030, 5130 XpressMusic, 6085, 6267, 6555, E50, N70, N72, N91');
INSERT INTO TT_PARAMS(OBJECT_ID,ATTR_ID,ATTR_ACCESS_TYPE,VALUE) VALUES(:row_id,29,1,'1020');
INSERT INTO TT_PARAMS(OBJECT_ID,ATTR_ID,ATTR_ACCESS_TYPE,VALUE) VALUES(:row_id,31,1,'51');
INSERT INTO TT_PARAMS(OBJECT_ID,ATTR_ID,ATTR_ACCESS_TYPE,VALUE) VALUES(:row_id,40,0,'img/42.jpg');
INSERT INTO TT_PARAMS(OBJECT_ID,ATTR_ID,ATTR_ACCESS_TYPE,DATE_VALUE) VALUES(:row_id,36,2,SYSDATE);
INSERT INTO TT_PARAMS(OBJECT_ID,ATTR_ID,ATTR_ACCESS_TYPE,DATE_VALUE) VALUES(:row_id,37,2,SYSDATE);
INSERT INTO TT_PARAMS(OBJECT_ID,ATTR_ID,ATTR_ACCESS_TYPE,VALUE) VALUES(:row_id,38,1,1);
INSERT INTO TT_PARAMS(OBJECT_ID,ATTR_ID,ATTR_ACCESS_TYPE,VALUE) VALUES(:row_id,39,1,1);

exec :row_id := id_seq.nextval;
INSERT INTO TT_OBJECTS(OBJECT_ID, OBJECT_CLASS_ID, OBJECT_TYPE_ID,NAME,DESCRIPTION) VALUES(:row_id,:row_id,7,'Lenovo BL214','Battery model');
INSERT INTO TT_PARAMS(OBJECT_ID,ATTR_ID,ATTR_ACCESS_TYPE,VALUE) VALUES(:row_id,26,1,TO_CHAR(id_seq.nextval));
INSERT INTO TT_PARAMS(OBJECT_ID,ATTR_ID,ATTR_ACCESS_TYPE,VALUE) VALUES(:row_id,30,0,'Аккумулятор для мобильного телефона');
INSERT INTO TT_PARAMS(OBJECT_ID,ATTR_ID,ATTR_ACCESS_TYPE,VALUE) VALUES(:row_id,27,0,'Li-ion');
INSERT INTO TT_PARAMS(OBJECT_ID,ATTR_ID,ATTR_ACCESS_TYPE,VALUE) VALUES(:row_id,28,0,'Lenovo A269i, A269, A218t, А300t, А316, A208t');
INSERT INTO TT_PARAMS(OBJECT_ID,ATTR_ID,ATTR_ACCESS_TYPE,VALUE) VALUES(:row_id,29,1,'1300');
INSERT INTO TT_PARAMS(OBJECT_ID,ATTR_ID,ATTR_ACCESS_TYPE,VALUE) VALUES(:row_id,31,1,'83');
INSERT INTO TT_PARAMS(OBJECT_ID,ATTR_ID,ATTR_ACCESS_TYPE,VALUE) VALUES(:row_id,40,0,'img/43.jpg');
INSERT INTO TT_PARAMS(OBJECT_ID,ATTR_ID,ATTR_ACCESS_TYPE,DATE_VALUE) VALUES(:row_id,36,2,SYSDATE);
INSERT INTO TT_PARAMS(OBJECT_ID,ATTR_ID,ATTR_ACCESS_TYPE,DATE_VALUE) VALUES(:row_id,37,2,SYSDATE);
INSERT INTO TT_PARAMS(OBJECT_ID,ATTR_ID,ATTR_ACCESS_TYPE,VALUE) VALUES(:row_id,38,1,1);
INSERT INTO TT_PARAMS(OBJECT_ID,ATTR_ID,ATTR_ACCESS_TYPE,VALUE) VALUES(:row_id,39,1,1);

exec :row_id := id_seq.nextval;
INSERT INTO TT_OBJECTS(OBJECT_ID, OBJECT_CLASS_ID, OBJECT_TYPE_ID,NAME,DESCRIPTION) VALUES(:row_id,:row_id,7,'Samsung EB-B600BEBECWW','Battery model');
INSERT INTO TT_PARAMS(OBJECT_ID,ATTR_ID,ATTR_ACCESS_TYPE,VALUE) VALUES(:row_id,26,1,TO_CHAR(id_seq.nextval));
INSERT INTO TT_PARAMS(OBJECT_ID,ATTR_ID,ATTR_ACCESS_TYPE,VALUE) VALUES(:row_id,30,0,'Аккумулятор для мобильного телефона');
INSERT INTO TT_PARAMS(OBJECT_ID,ATTR_ID,ATTR_ACCESS_TYPE,VALUE) VALUES(:row_id,27,0,'Li-ion');
INSERT INTO TT_PARAMS(OBJECT_ID,ATTR_ID,ATTR_ACCESS_TYPE,VALUE) VALUES(:row_id,28,0,'Samsung Galaxy S4 (I9500)');
INSERT INTO TT_PARAMS(OBJECT_ID,ATTR_ID,ATTR_ACCESS_TYPE,VALUE) VALUES(:row_id,29,1,'2600');
INSERT INTO TT_PARAMS(OBJECT_ID,ATTR_ID,ATTR_ACCESS_TYPE,VALUE) VALUES(:row_id,31,1,'129');
INSERT INTO TT_PARAMS(OBJECT_ID,ATTR_ID,ATTR_ACCESS_TYPE,VALUE) VALUES(:row_id,40,0,'img/44.jpg');
INSERT INTO TT_PARAMS(OBJECT_ID,ATTR_ID,ATTR_ACCESS_TYPE,DATE_VALUE) VALUES(:row_id,36,2,SYSDATE);
INSERT INTO TT_PARAMS(OBJECT_ID,ATTR_ID,ATTR_ACCESS_TYPE,DATE_VALUE) VALUES(:row_id,37,2,SYSDATE);
INSERT INTO TT_PARAMS(OBJECT_ID,ATTR_ID,ATTR_ACCESS_TYPE,VALUE) VALUES(:row_id,38,1,1);
INSERT INTO TT_PARAMS(OBJECT_ID,ATTR_ID,ATTR_ACCESS_TYPE,VALUE) VALUES(:row_id,39,1,1);

exec :row_id := id_seq.nextval;
INSERT INTO TT_OBJECTS(OBJECT_ID, OBJECT_CLASS_ID, OBJECT_TYPE_ID,NAME,DESCRIPTION) VALUES(:row_id,:row_id,7,'Lenovo BL210','Battery model');
INSERT INTO TT_PARAMS(OBJECT_ID,ATTR_ID,ATTR_ACCESS_TYPE,VALUE) VALUES(:row_id,26,1,TO_CHAR(id_seq.nextval));
INSERT INTO TT_PARAMS(OBJECT_ID,ATTR_ID,ATTR_ACCESS_TYPE,VALUE) VALUES(:row_id,30,0,'Аккумулятор для мобильного телефона');
INSERT INTO TT_PARAMS(OBJECT_ID,ATTR_ID,ATTR_ACCESS_TYPE,VALUE) VALUES(:row_id,27,0,'Li-ion');
INSERT INTO TT_PARAMS(OBJECT_ID,ATTR_ID,ATTR_ACCESS_TYPE,VALUE) VALUES(:row_id,28,0,'Lenovo S820');
INSERT INTO TT_PARAMS(OBJECT_ID,ATTR_ID,ATTR_ACCESS_TYPE,VALUE) VALUES(:row_id,29,1,'2000');
INSERT INTO TT_PARAMS(OBJECT_ID,ATTR_ID,ATTR_ACCESS_TYPE,VALUE) VALUES(:row_id,31,1,'83');
INSERT INTO TT_PARAMS(OBJECT_ID,ATTR_ID,ATTR_ACCESS_TYPE,VALUE) VALUES(:row_id,40,0,'img/45.jpg');
INSERT INTO TT_PARAMS(OBJECT_ID,ATTR_ID,ATTR_ACCESS_TYPE,DATE_VALUE) VALUES(:row_id,36,2,SYSDATE);
INSERT INTO TT_PARAMS(OBJECT_ID,ATTR_ID,ATTR_ACCESS_TYPE,DATE_VALUE) VALUES(:row_id,37,2,SYSDATE);
INSERT INTO TT_PARAMS(OBJECT_ID,ATTR_ID,ATTR_ACCESS_TYPE,VALUE) VALUES(:row_id,38,1,1);
INSERT INTO TT_PARAMS(OBJECT_ID,ATTR_ID,ATTR_ACCESS_TYPE,VALUE) VALUES(:row_id,39,1,1);

exec :row_id := id_seq.nextval;
INSERT INTO TT_OBJECTS(OBJECT_ID, OBJECT_CLASS_ID, OBJECT_TYPE_ID,NAME,DESCRIPTION) VALUES(:row_id,:row_id,7,'Samsung EB494358VU','Battery model');
INSERT INTO TT_PARAMS(OBJECT_ID,ATTR_ID,ATTR_ACCESS_TYPE,VALUE) VALUES(:row_id,26,1,TO_CHAR(id_seq.nextval));
INSERT INTO TT_PARAMS(OBJECT_ID,ATTR_ID,ATTR_ACCESS_TYPE,VALUE) VALUES(:row_id,30,0,'Аккумулятор для мобильного телефона');
INSERT INTO TT_PARAMS(OBJECT_ID,ATTR_ID,ATTR_ACCESS_TYPE,VALUE) VALUES(:row_id,27,0,'Li-ion');
INSERT INTO TT_PARAMS(OBJECT_ID,ATTR_ID,ATTR_ACCESS_TYPE,VALUE) VALUES(:row_id,28,0,'Samsung B7300, B7510 Galaxy Pro, B7800 Galaxy M Pro, S5660 Galaxy Gio, S5670 Galaxy Fit, S5830 ACE');
INSERT INTO TT_PARAMS(OBJECT_ID,ATTR_ID,ATTR_ACCESS_TYPE,VALUE) VALUES(:row_id,29,1,'1350');
INSERT INTO TT_PARAMS(OBJECT_ID,ATTR_ID,ATTR_ACCESS_TYPE,VALUE) VALUES(:row_id,31,1,'63');
INSERT INTO TT_PARAMS(OBJECT_ID,ATTR_ID,ATTR_ACCESS_TYPE,VALUE) VALUES(:row_id,40,0,'img/46.jpg');
INSERT INTO TT_PARAMS(OBJECT_ID,ATTR_ID,ATTR_ACCESS_TYPE,DATE_VALUE) VALUES(:row_id,36,2,SYSDATE);
INSERT INTO TT_PARAMS(OBJECT_ID,ATTR_ID,ATTR_ACCESS_TYPE,DATE_VALUE) VALUES(:row_id,37,2,SYSDATE);
INSERT INTO TT_PARAMS(OBJECT_ID,ATTR_ID,ATTR_ACCESS_TYPE,VALUE) VALUES(:row_id,38,1,1);
INSERT INTO TT_PARAMS(OBJECT_ID,ATTR_ID,ATTR_ACCESS_TYPE,VALUE) VALUES(:row_id,39,1,1);

exec :row_id := id_seq.nextval;
INSERT INTO TT_OBJECTS(OBJECT_ID, OBJECT_CLASS_ID, OBJECT_TYPE_ID,NAME,DESCRIPTION) VALUES(:row_id,:row_id,7,'PowerPlant LG G3, BL-53YH','Battery model');
INSERT INTO TT_PARAMS(OBJECT_ID,ATTR_ID,ATTR_ACCESS_TYPE,VALUE) VALUES(:row_id,26,1,TO_CHAR(id_seq.nextval));
INSERT INTO TT_PARAMS(OBJECT_ID,ATTR_ID,ATTR_ACCESS_TYPE,VALUE) VALUES(:row_id,30,0,'Аккумулятор для мобильного телефона');
INSERT INTO TT_PARAMS(OBJECT_ID,ATTR_ID,ATTR_ACCESS_TYPE,VALUE) VALUES(:row_id,27,0,'Li-ion');
INSERT INTO TT_PARAMS(OBJECT_ID,ATTR_ID,ATTR_ACCESS_TYPE,VALUE) VALUES(:row_id,28,0,'LG G3 F400 D830 D850 D851 D855 D690 F460 VS985 G3');
INSERT INTO TT_PARAMS(OBJECT_ID,ATTR_ID,ATTR_ACCESS_TYPE,VALUE) VALUES(:row_id,29,1,'3500');
INSERT INTO TT_PARAMS(OBJECT_ID,ATTR_ID,ATTR_ACCESS_TYPE,VALUE) VALUES(:row_id,31,1,'369');
INSERT INTO TT_PARAMS(OBJECT_ID,ATTR_ID,ATTR_ACCESS_TYPE,VALUE) VALUES(:row_id,40,0,'img/47.jpg');
INSERT INTO TT_PARAMS(OBJECT_ID,ATTR_ID,ATTR_ACCESS_TYPE,DATE_VALUE) VALUES(:row_id,36,2,SYSDATE);
INSERT INTO TT_PARAMS(OBJECT_ID,ATTR_ID,ATTR_ACCESS_TYPE,DATE_VALUE) VALUES(:row_id,37,2,SYSDATE);
INSERT INTO TT_PARAMS(OBJECT_ID,ATTR_ID,ATTR_ACCESS_TYPE,VALUE) VALUES(:row_id,38,1,1);
INSERT INTO TT_PARAMS(OBJECT_ID,ATTR_ID,ATTR_ACCESS_TYPE,VALUE) VALUES(:row_id,39,1,1);

exec :row_id := id_seq.nextval;
INSERT INTO TT_OBJECTS(OBJECT_ID, OBJECT_CLASS_ID, OBJECT_TYPE_ID,NAME,DESCRIPTION) VALUES(:row_id,:row_id,7,'LG BL-44JN','Battery model');
INSERT INTO TT_PARAMS(OBJECT_ID,ATTR_ID,ATTR_ACCESS_TYPE,VALUE) VALUES(:row_id,26,1,TO_CHAR(id_seq.nextval));
INSERT INTO TT_PARAMS(OBJECT_ID,ATTR_ID,ATTR_ACCESS_TYPE,VALUE) VALUES(:row_id,30,0,'Аккумулятор для мобильного телефона');
INSERT INTO TT_PARAMS(OBJECT_ID,ATTR_ID,ATTR_ACCESS_TYPE,VALUE) VALUES(:row_id,27,0,'Li-ion');
INSERT INTO TT_PARAMS(OBJECT_ID,ATTR_ID,ATTR_ACCESS_TYPE,VALUE) VALUES(:row_id,28,0,'LG Optimus Black, P970');
INSERT INTO TT_PARAMS(OBJECT_ID,ATTR_ID,ATTR_ACCESS_TYPE,VALUE) VALUES(:row_id,29,1,'1500');
INSERT INTO TT_PARAMS(OBJECT_ID,ATTR_ID,ATTR_ACCESS_TYPE,VALUE) VALUES(:row_id,31,1,'68');
INSERT INTO TT_PARAMS(OBJECT_ID,ATTR_ID,ATTR_ACCESS_TYPE,VALUE) VALUES(:row_id,40,0,'img/48.jpg');
INSERT INTO TT_PARAMS(OBJECT_ID,ATTR_ID,ATTR_ACCESS_TYPE,DATE_VALUE) VALUES(:row_id,36,2,SYSDATE);
INSERT INTO TT_PARAMS(OBJECT_ID,ATTR_ID,ATTR_ACCESS_TYPE,DATE_VALUE) VALUES(:row_id,37,2,SYSDATE);
INSERT INTO TT_PARAMS(OBJECT_ID,ATTR_ID,ATTR_ACCESS_TYPE,VALUE) VALUES(:row_id,38,1,1);
INSERT INTO TT_PARAMS(OBJECT_ID,ATTR_ID,ATTR_ACCESS_TYPE,VALUE) VALUES(:row_id,39,1,1);

exec :row_id := id_seq.nextval;
INSERT INTO TT_OBJECTS(OBJECT_ID, OBJECT_CLASS_ID, OBJECT_TYPE_ID,NAME,DESCRIPTION) VALUES(:row_id,:row_id,7,'Samsung EB425161LU','Battery model');
INSERT INTO TT_PARAMS(OBJECT_ID,ATTR_ID,ATTR_ACCESS_TYPE,VALUE) VALUES(:row_id,26,1,TO_CHAR(id_seq.nextval));
INSERT INTO TT_PARAMS(OBJECT_ID,ATTR_ID,ATTR_ACCESS_TYPE,VALUE) VALUES(:row_id,30,0,'Аккумулятор для мобильного телефона');
INSERT INTO TT_PARAMS(OBJECT_ID,ATTR_ID,ATTR_ACCESS_TYPE,VALUE) VALUES(:row_id,27,0,'Li-ion');
INSERT INTO TT_PARAMS(OBJECT_ID,ATTR_ID,ATTR_ACCESS_TYPE,VALUE) VALUES(:row_id,28,0,'Samsung i8160');
INSERT INTO TT_PARAMS(OBJECT_ID,ATTR_ID,ATTR_ACCESS_TYPE,VALUE) VALUES(:row_id,29,1,'1500');
INSERT INTO TT_PARAMS(OBJECT_ID,ATTR_ID,ATTR_ACCESS_TYPE,VALUE) VALUES(:row_id,31,1,'75');
INSERT INTO TT_PARAMS(OBJECT_ID,ATTR_ID,ATTR_ACCESS_TYPE,VALUE) VALUES(:row_id,40,0,'img/49.jpg');
INSERT INTO TT_PARAMS(OBJECT_ID,ATTR_ID,ATTR_ACCESS_TYPE,DATE_VALUE) VALUES(:row_id,36,2,SYSDATE);
INSERT INTO TT_PARAMS(OBJECT_ID,ATTR_ID,ATTR_ACCESS_TYPE,DATE_VALUE) VALUES(:row_id,37,2,SYSDATE);
INSERT INTO TT_PARAMS(OBJECT_ID,ATTR_ID,ATTR_ACCESS_TYPE,VALUE) VALUES(:row_id,38,1,1);
INSERT INTO TT_PARAMS(OBJECT_ID,ATTR_ID,ATTR_ACCESS_TYPE,VALUE) VALUES(:row_id,39,1,1);

exec :row_id := id_seq.nextval;
INSERT INTO TT_OBJECTS(OBJECT_ID, OBJECT_CLASS_ID, OBJECT_TYPE_ID,NAME,DESCRIPTION) VALUES(:row_id,:row_id,7,'Samsung AB553446BU','Battery model');
INSERT INTO TT_PARAMS(OBJECT_ID,ATTR_ID,ATTR_ACCESS_TYPE,VALUE) VALUES(:row_id,26,1,TO_CHAR(id_seq.nextval));
INSERT INTO TT_PARAMS(OBJECT_ID,ATTR_ID,ATTR_ACCESS_TYPE,VALUE) VALUES(:row_id,30,0,'Аккумулятор для мобильного телефона');
INSERT INTO TT_PARAMS(OBJECT_ID,ATTR_ID,ATTR_ACCESS_TYPE,VALUE) VALUES(:row_id,27,0,'Li-ion');
INSERT INTO TT_PARAMS(OBJECT_ID,ATTR_ID,ATTR_ACCESS_TYPE,VALUE) VALUES(:row_id,28,0,'D800, GT-B2100, GT-E1110, SGH B100, SGH I320, SGH M110, P900');
INSERT INTO TT_PARAMS(OBJECT_ID,ATTR_ID,ATTR_ACCESS_TYPE,VALUE) VALUES(:row_id,29,1,'1000');
INSERT INTO TT_PARAMS(OBJECT_ID,ATTR_ID,ATTR_ACCESS_TYPE,VALUE) VALUES(:row_id,31,1,'86');
INSERT INTO TT_PARAMS(OBJECT_ID,ATTR_ID,ATTR_ACCESS_TYPE,VALUE) VALUES(:row_id,40,0,'img/50.jpg');
INSERT INTO TT_PARAMS(OBJECT_ID,ATTR_ID,ATTR_ACCESS_TYPE,DATE_VALUE) VALUES(:row_id,36,2,SYSDATE);
INSERT INTO TT_PARAMS(OBJECT_ID,ATTR_ID,ATTR_ACCESS_TYPE,DATE_VALUE) VALUES(:row_id,37,2,SYSDATE);
INSERT INTO TT_PARAMS(OBJECT_ID,ATTR_ID,ATTR_ACCESS_TYPE,VALUE) VALUES(:row_id,38,1,1);
INSERT INTO TT_PARAMS(OBJECT_ID,ATTR_ID,ATTR_ACCESS_TYPE,VALUE) VALUES(:row_id,39,1,1);






exec :row_id := id_seq.nextval;
INSERT INTO TT_OBJECTS(OBJECT_ID, OBJECT_CLASS_ID, OBJECT_TYPE_ID,NAME,DESCRIPTION) VALUES(:row_id,:row_id,8,'Xiaomi display Redmi Note 2 with sensor','Screen model');
INSERT INTO TT_PARAMS(OBJECT_ID,ATTR_ID,ATTR_ACCESS_TYPE,VALUE) VALUES(:row_id,26,1,TO_CHAR(id_seq.nextval));
INSERT INTO TT_PARAMS(OBJECT_ID,ATTR_ID,ATTR_ACCESS_TYPE,VALUE) VALUES(:row_id,30,0,'Сенсорная панель (тачскрин), Дисплей');
INSERT INTO TT_PARAMS(OBJECT_ID,ATTR_ID,ATTR_ACCESS_TYPE,VALUE) VALUES(:row_id,31,1,'495');
INSERT INTO TT_PARAMS(OBJECT_ID,ATTR_ID,ATTR_ACCESS_TYPE,VALUE) VALUES(:row_id,40,0,'img/51.jpg');
INSERT INTO TT_PARAMS(OBJECT_ID,ATTR_ID,ATTR_ACCESS_TYPE,DATE_VALUE) VALUES(:row_id,36,2,SYSDATE);
INSERT INTO TT_PARAMS(OBJECT_ID,ATTR_ID,ATTR_ACCESS_TYPE,DATE_VALUE) VALUES(:row_id,37,2,SYSDATE);
INSERT INTO TT_PARAMS(OBJECT_ID,ATTR_ID,ATTR_ACCESS_TYPE,VALUE) VALUES(:row_id,38,1,1);
INSERT INTO TT_PARAMS(OBJECT_ID,ATTR_ID,ATTR_ACCESS_TYPE,VALUE) VALUES(:row_id,39,1,1);

exec :row_id := id_seq.nextval;
INSERT INTO TT_OBJECTS(OBJECT_ID, OBJECT_CLASS_ID, OBJECT_TYPE_ID,NAME,DESCRIPTION) VALUES(:row_id,:row_id,8,'Lenovo S820','Screen model');
INSERT INTO TT_PARAMS(OBJECT_ID,ATTR_ID,ATTR_ACCESS_TYPE,VALUE) VALUES(:row_id,26,1,TO_CHAR(id_seq.nextval));
INSERT INTO TT_PARAMS(OBJECT_ID,ATTR_ID,ATTR_ACCESS_TYPE,VALUE) VALUES(:row_id,30,0,'Сенсорная панель (тачскрин)');
INSERT INTO TT_PARAMS(OBJECT_ID,ATTR_ID,ATTR_ACCESS_TYPE,VALUE) VALUES(:row_id,31,1,'637');
INSERT INTO TT_PARAMS(OBJECT_ID,ATTR_ID,ATTR_ACCESS_TYPE,VALUE) VALUES(:row_id,40,0,'img/52.jpg');
INSERT INTO TT_PARAMS(OBJECT_ID,ATTR_ID,ATTR_ACCESS_TYPE,DATE_VALUE) VALUES(:row_id,36,2,SYSDATE);
INSERT INTO TT_PARAMS(OBJECT_ID,ATTR_ID,ATTR_ACCESS_TYPE,DATE_VALUE) VALUES(:row_id,37,2,SYSDATE);
INSERT INTO TT_PARAMS(OBJECT_ID,ATTR_ID,ATTR_ACCESS_TYPE,VALUE) VALUES(:row_id,38,1,1);
INSERT INTO TT_PARAMS(OBJECT_ID,ATTR_ID,ATTR_ACCESS_TYPE,VALUE) VALUES(:row_id,39,1,1);

exec :row_id := id_seq.nextval;
INSERT INTO TT_OBJECTS(OBJECT_ID, OBJECT_CLASS_ID, OBJECT_TYPE_ID,NAME,DESCRIPTION) VALUES(:row_id,:row_id,8,'Samsung display Galaxy SIII SHV-E210S with sensor','Screen model');
INSERT INTO TT_PARAMS(OBJECT_ID,ATTR_ID,ATTR_ACCESS_TYPE,VALUE) VALUES(:row_id,26,1,TO_CHAR(id_seq.nextval));
INSERT INTO TT_PARAMS(OBJECT_ID,ATTR_ID,ATTR_ACCESS_TYPE,VALUE) VALUES(:row_id,30,0,'Сенсорная панель (тачскрин)');
INSERT INTO TT_PARAMS(OBJECT_ID,ATTR_ID,ATTR_ACCESS_TYPE,VALUE) VALUES(:row_id,28,0,'Samsung Galaxy S3, Samsung Galaxy S2');
INSERT INTO TT_PARAMS(OBJECT_ID,ATTR_ID,ATTR_ACCESS_TYPE,VALUE) VALUES(:row_id,31,1,'2799');
INSERT INTO TT_PARAMS(OBJECT_ID,ATTR_ID,ATTR_ACCESS_TYPE,VALUE) VALUES(:row_id,40,0,'img/53.jpg');
INSERT INTO TT_PARAMS(OBJECT_ID,ATTR_ID,ATTR_ACCESS_TYPE,DATE_VALUE) VALUES(:row_id,36,2,SYSDATE);
INSERT INTO TT_PARAMS(OBJECT_ID,ATTR_ID,ATTR_ACCESS_TYPE,DATE_VALUE) VALUES(:row_id,37,2,SYSDATE);
INSERT INTO TT_PARAMS(OBJECT_ID,ATTR_ID,ATTR_ACCESS_TYPE,VALUE) VALUES(:row_id,38,1,1);
INSERT INTO TT_PARAMS(OBJECT_ID,ATTR_ID,ATTR_ACCESS_TYPE,VALUE) VALUES(:row_id,39,1,1);

exec :row_id := id_seq.nextval;
INSERT INTO TT_OBJECTS(OBJECT_ID, OBJECT_CLASS_ID, OBJECT_TYPE_ID,NAME,DESCRIPTION) VALUES(:row_id,:row_id,8,'Nokia sensor Lumia 520, Lumia 525','Screen model');
INSERT INTO TT_PARAMS(OBJECT_ID,ATTR_ID,ATTR_ACCESS_TYPE,VALUE) VALUES(:row_id,26,1,TO_CHAR(id_seq.nextval));
INSERT INTO TT_PARAMS(OBJECT_ID,ATTR_ID,ATTR_ACCESS_TYPE,VALUE) VALUES(:row_id,30,0,'Сенсорная панель (тачскрин)');
INSERT INTO TT_PARAMS(OBJECT_ID,ATTR_ID,ATTR_ACCESS_TYPE,VALUE) VALUES(:row_id,28,0,'Nokia Lumia 520, Nokia Lumia 525');
INSERT INTO TT_PARAMS(OBJECT_ID,ATTR_ID,ATTR_ACCESS_TYPE,VALUE) VALUES(:row_id,31,1,'126');
INSERT INTO TT_PARAMS(OBJECT_ID,ATTR_ID,ATTR_ACCESS_TYPE,VALUE) VALUES(:row_id,40,0,'img/54.jpg');
INSERT INTO TT_PARAMS(OBJECT_ID,ATTR_ID,ATTR_ACCESS_TYPE,DATE_VALUE) VALUES(:row_id,36,2,SYSDATE);
INSERT INTO TT_PARAMS(OBJECT_ID,ATTR_ID,ATTR_ACCESS_TYPE,DATE_VALUE) VALUES(:row_id,37,2,SYSDATE);
INSERT INTO TT_PARAMS(OBJECT_ID,ATTR_ID,ATTR_ACCESS_TYPE,VALUE) VALUES(:row_id,38,1,1);
INSERT INTO TT_PARAMS(OBJECT_ID,ATTR_ID,ATTR_ACCESS_TYPE,VALUE) VALUES(:row_id,39,1,1);

exec :row_id := id_seq.nextval;
INSERT INTO TT_OBJECTS(OBJECT_ID, OBJECT_CLASS_ID, OBJECT_TYPE_ID,NAME,DESCRIPTION) VALUES(:row_id,:row_id,8,'HTC display One M8 with sensor','Screen model');
INSERT INTO TT_PARAMS(OBJECT_ID,ATTR_ID,ATTR_ACCESS_TYPE,VALUE) VALUES(:row_id,26,1,TO_CHAR(id_seq.nextval));
INSERT INTO TT_PARAMS(OBJECT_ID,ATTR_ID,ATTR_ACCESS_TYPE,VALUE) VALUES(:row_id,30,0,'Сенсорная панель (тачскрин), Дисплей');
INSERT INTO TT_PARAMS(OBJECT_ID,ATTR_ID,ATTR_ACCESS_TYPE,VALUE) VALUES(:row_id,28,0,'HTC One (M8)');
INSERT INTO TT_PARAMS(OBJECT_ID,ATTR_ID,ATTR_ACCESS_TYPE,VALUE) VALUES(:row_id,31,1,'896');
INSERT INTO TT_PARAMS(OBJECT_ID,ATTR_ID,ATTR_ACCESS_TYPE,VALUE) VALUES(:row_id,40,0,'img/55.jpg');
INSERT INTO TT_PARAMS(OBJECT_ID,ATTR_ID,ATTR_ACCESS_TYPE,DATE_VALUE) VALUES(:row_id,36,2,SYSDATE);
INSERT INTO TT_PARAMS(OBJECT_ID,ATTR_ID,ATTR_ACCESS_TYPE,DATE_VALUE) VALUES(:row_id,37,2,SYSDATE);
INSERT INTO TT_PARAMS(OBJECT_ID,ATTR_ID,ATTR_ACCESS_TYPE,VALUE) VALUES(:row_id,38,1,1);
INSERT INTO TT_PARAMS(OBJECT_ID,ATTR_ID,ATTR_ACCESS_TYPE,VALUE) VALUES(:row_id,39,1,1);

exec :row_id := id_seq.nextval;
INSERT INTO TT_OBJECTS(OBJECT_ID, OBJECT_CLASS_ID, OBJECT_TYPE_ID,NAME,DESCRIPTION) VALUES(:row_id,:row_id,8,'Lenovo display K910 Vibe Z with sensor','Screen model');
INSERT INTO TT_PARAMS(OBJECT_ID,ATTR_ID,ATTR_ACCESS_TYPE,VALUE) VALUES(:row_id,26,1,TO_CHAR(id_seq.nextval));
INSERT INTO TT_PARAMS(OBJECT_ID,ATTR_ID,ATTR_ACCESS_TYPE,VALUE) VALUES(:row_id,30,0,'Сенсорная панель (тачскрин), Дисплей');
INSERT INTO TT_PARAMS(OBJECT_ID,ATTR_ID,ATTR_ACCESS_TYPE,VALUE) VALUES(:row_id,28,0,'Lenovo K910 Vibe Z');
INSERT INTO TT_PARAMS(OBJECT_ID,ATTR_ID,ATTR_ACCESS_TYPE,VALUE) VALUES(:row_id,31,1,'772');
INSERT INTO TT_PARAMS(OBJECT_ID,ATTR_ID,ATTR_ACCESS_TYPE,VALUE) VALUES(:row_id,40,0,'img/56.jpg');
INSERT INTO TT_PARAMS(OBJECT_ID,ATTR_ID,ATTR_ACCESS_TYPE,DATE_VALUE) VALUES(:row_id,36,2,SYSDATE);
INSERT INTO TT_PARAMS(OBJECT_ID,ATTR_ID,ATTR_ACCESS_TYPE,DATE_VALUE) VALUES(:row_id,37,2,SYSDATE);
INSERT INTO TT_PARAMS(OBJECT_ID,ATTR_ID,ATTR_ACCESS_TYPE,VALUE) VALUES(:row_id,38,1,1);
INSERT INTO TT_PARAMS(OBJECT_ID,ATTR_ID,ATTR_ACCESS_TYPE,VALUE) VALUES(:row_id,39,1,1);

exec :row_id := id_seq.nextval;
INSERT INTO TT_OBJECTS(OBJECT_ID, OBJECT_CLASS_ID, OBJECT_TYPE_ID,NAME,DESCRIPTION) VALUES(:row_id,:row_id,8,'Lenovo sensor P780','Screen model');
INSERT INTO TT_PARAMS(OBJECT_ID,ATTR_ID,ATTR_ACCESS_TYPE,VALUE) VALUES(:row_id,26,1,TO_CHAR(id_seq.nextval));
INSERT INTO TT_PARAMS(OBJECT_ID,ATTR_ID,ATTR_ACCESS_TYPE,VALUE) VALUES(:row_id,30,0,'Сенсорная панель (тачскрин)');
INSERT INTO TT_PARAMS(OBJECT_ID,ATTR_ID,ATTR_ACCESS_TYPE,VALUE) VALUES(:row_id,28,0,'Lenovo P780');
INSERT INTO TT_PARAMS(OBJECT_ID,ATTR_ID,ATTR_ACCESS_TYPE,VALUE) VALUES(:row_id,31,1,'224');
INSERT INTO TT_PARAMS(OBJECT_ID,ATTR_ID,ATTR_ACCESS_TYPE,VALUE) VALUES(:row_id,40,0,'img/57.jpg');
INSERT INTO TT_PARAMS(OBJECT_ID,ATTR_ID,ATTR_ACCESS_TYPE,DATE_VALUE) VALUES(:row_id,36,2,SYSDATE);
INSERT INTO TT_PARAMS(OBJECT_ID,ATTR_ID,ATTR_ACCESS_TYPE,DATE_VALUE) VALUES(:row_id,37,2,SYSDATE);
INSERT INTO TT_PARAMS(OBJECT_ID,ATTR_ID,ATTR_ACCESS_TYPE,VALUE) VALUES(:row_id,38,1,1);
INSERT INTO TT_PARAMS(OBJECT_ID,ATTR_ID,ATTR_ACCESS_TYPE,VALUE) VALUES(:row_id,39,1,1);

exec :row_id := id_seq.nextval;
INSERT INTO TT_OBJECTS(OBJECT_ID, OBJECT_CLASS_ID, OBJECT_TYPE_ID,NAME,DESCRIPTION) VALUES(:row_id,:row_id,8,'Sony display','Screen model');
INSERT INTO TT_PARAMS(OBJECT_ID,ATTR_ID,ATTR_ACCESS_TYPE,VALUE) VALUES(:row_id,26,1,TO_CHAR(id_seq.nextval));
INSERT INTO TT_PARAMS(OBJECT_ID,ATTR_ID,ATTR_ACCESS_TYPE,VALUE) VALUES(:row_id,30,0,'Дисплей, Сенсорная панель (тачскрин)');
INSERT INTO TT_PARAMS(OBJECT_ID,ATTR_ID,ATTR_ACCESS_TYPE,VALUE) VALUES(:row_id,28,0,'C6802 XL39h Xperia Z Ultra, C6806 Xperia Z Ultra, C6833 Xpe');
INSERT INTO TT_PARAMS(OBJECT_ID,ATTR_ID,ATTR_ACCESS_TYPE,VALUE) VALUES(:row_id,31,1,'221');
INSERT INTO TT_PARAMS(OBJECT_ID,ATTR_ID,ATTR_ACCESS_TYPE,VALUE) VALUES(:row_id,40,0,'img/58.jpg');
INSERT INTO TT_PARAMS(OBJECT_ID,ATTR_ID,ATTR_ACCESS_TYPE,DATE_VALUE) VALUES(:row_id,36,2,SYSDATE);
INSERT INTO TT_PARAMS(OBJECT_ID,ATTR_ID,ATTR_ACCESS_TYPE,DATE_VALUE) VALUES(:row_id,37,2,SYSDATE);
INSERT INTO TT_PARAMS(OBJECT_ID,ATTR_ID,ATTR_ACCESS_TYPE,VALUE) VALUES(:row_id,38,1,1);
INSERT INTO TT_PARAMS(OBJECT_ID,ATTR_ID,ATTR_ACCESS_TYPE,VALUE) VALUES(:row_id,39,1,1);

exec :row_id := id_seq.nextval;
INSERT INTO TT_OBJECTS(OBJECT_ID, OBJECT_CLASS_ID, OBJECT_TYPE_ID,NAME,DESCRIPTION) VALUES(:row_id,:row_id,8,'Fly sensor iQ4416 Era Life 5','Screen model');
INSERT INTO TT_PARAMS(OBJECT_ID,ATTR_ID,ATTR_ACCESS_TYPE,VALUE) VALUES(:row_id,26,1,TO_CHAR(id_seq.nextval));
INSERT INTO TT_PARAMS(OBJECT_ID,ATTR_ID,ATTR_ACCESS_TYPE,VALUE) VALUES(:row_id,30,0,'Сенсорная панель (тачскрин)');
INSERT INTO TT_PARAMS(OBJECT_ID,ATTR_ID,ATTR_ACCESS_TYPE,VALUE) VALUES(:row_id,28,0,'Fly iQ4416 Era Life 5');
INSERT INTO TT_PARAMS(OBJECT_ID,ATTR_ID,ATTR_ACCESS_TYPE,VALUE) VALUES(:row_id,31,1,'172');
INSERT INTO TT_PARAMS(OBJECT_ID,ATTR_ID,ATTR_ACCESS_TYPE,VALUE) VALUES(:row_id,40,0,'img/59.jpg');
INSERT INTO TT_PARAMS(OBJECT_ID,ATTR_ID,ATTR_ACCESS_TYPE,DATE_VALUE) VALUES(:row_id,36,2,SYSDATE);
INSERT INTO TT_PARAMS(OBJECT_ID,ATTR_ID,ATTR_ACCESS_TYPE,DATE_VALUE) VALUES(:row_id,37,2,SYSDATE);
INSERT INTO TT_PARAMS(OBJECT_ID,ATTR_ID,ATTR_ACCESS_TYPE,VALUE) VALUES(:row_id,38,1,1);
INSERT INTO TT_PARAMS(OBJECT_ID,ATTR_ID,ATTR_ACCESS_TYPE,VALUE) VALUES(:row_id,39,1,1);

exec :row_id := id_seq.nextval;
INSERT INTO TT_OBJECTS(OBJECT_ID, OBJECT_CLASS_ID, OBJECT_TYPE_ID,NAME,DESCRIPTION) VALUES(:row_id,:row_id,8,'LG display Google Nexus 5','Screen model');
INSERT INTO TT_PARAMS(OBJECT_ID,ATTR_ID,ATTR_ACCESS_TYPE,VALUE) VALUES(:row_id,26,1,TO_CHAR(id_seq.nextval));
INSERT INTO TT_PARAMS(OBJECT_ID,ATTR_ID,ATTR_ACCESS_TYPE,VALUE) VALUES(:row_id,30,0,'Сенсорная панель (тачскрин), Дисплей');
INSERT INTO TT_PARAMS(OBJECT_ID,ATTR_ID,ATTR_ACCESS_TYPE,VALUE) VALUES(:row_id,28,0,'LG Nexus 5');
INSERT INTO TT_PARAMS(OBJECT_ID,ATTR_ID,ATTR_ACCESS_TYPE,VALUE) VALUES(:row_id,31,1,'1100');
INSERT INTO TT_PARAMS(OBJECT_ID,ATTR_ID,ATTR_ACCESS_TYPE,VALUE) VALUES(:row_id,40,0,'img/60.jpg');
INSERT INTO TT_PARAMS(OBJECT_ID,ATTR_ID,ATTR_ACCESS_TYPE,DATE_VALUE) VALUES(:row_id,36,2,SYSDATE);
INSERT INTO TT_PARAMS(OBJECT_ID,ATTR_ID,ATTR_ACCESS_TYPE,DATE_VALUE) VALUES(:row_id,37,2,SYSDATE);
INSERT INTO TT_PARAMS(OBJECT_ID,ATTR_ID,ATTR_ACCESS_TYPE,VALUE) VALUES(:row_id,38,1,1);
INSERT INTO TT_PARAMS(OBJECT_ID,ATTR_ID,ATTR_ACCESS_TYPE,VALUE) VALUES(:row_id,39,1,1);